Genre1;Genre1_Std;Genre;SubGenre
Antológiák;antologiak;Antalógia;
Kortárs;kortars;Kortárs;
Vámpírregények;vampirregenyek;Szépirodalom;Fantasy
Történelmi;tortenelmi;Történelem;Történelem
A Monarchia kora;a monarchia kora;Történelem;Történelem
Okkultizmus, spiritizmus;okkultizmus spiritizmus;Vallás és spiritualitás;Spiritualitás
Egyéb;egyeb;Egyéb;
Szobrászat;szobraszat;Művészetek;Szobrászat
Vallásfilozófia;vallasfilozofia;Vallás és spiritualitás;Vallásfilozófia
Állat- és növényvilág;allat es novenyvilag;Ismeretterjesztés és tudományok;Természet
Tinédzsereknek;tinedzsereknek;Ifjúsági irodalom;Tinédzser
Nyelvészet;nyelveszet;Nyelvészet és oktatás;Nyelvészet
Kereszténység;keresztenyseg;Vallás és spiritualitás;Kereszténység
Heraldika, családtörténet;heraldika csaladtortenet;Társadalomtudomány;Néprajz
Kortárs mesék;kortars mesek;Kortárs;Mesék
Környezetvédelem, ökológia;kornyezetvedelem okologia;Ismeretterjesztés és tudományok;Ökológia
Orvoslástörténet;orvoslastortenet;Ismeretterjesztés és tudományok;Orvoslás
20. század;20 szazad;Történelem;
6-10 éveseknek;610 eveseknek;Ifjúsági irodalom;Gyermek
Gyermekversek, dalok;gyermekversek dalok;Ifjúsági irodalom;Gyermek
Építőipar;epitoipar;Ismeretterjesztés és tudományok;Építészet
Magyar művelődéstörténet;magyar muvelodestortenet;Történelem;Magyarság
Gyermeknevelés;gyermekneveles;Életmód;Szülők
Pedagógia;pedagogia;Ismeretterjesztés és tudományok;Pedagógia
Programozás;programozas;Ismeretterjesztés és tudományok;Informatika és technológia
Befektetés, vállalkozás;befektetes vallalkozas;Üzlet és gazdaság;Befektetés
Néprajz;neprajz;Társadalomtudomány;Néprajz
Régészet;regeszet;Történelem;Régészet
A török hódoltság kora;a torok hodoltsag kora;Történelem;Magyarság
Magyar építészet;magyar epiteszet;Ismeretterjesztés és tudományok;Építészet
Középkor;kozepkor;Történelem;Középkor
Hadászat;hadaszat;Ismeretterjesztés és tudományok;
Őstörténet és honfoglalás;ostortenet es honfoglalas;Történelem;Magyarság
Határidőnapló;hataridonaplo;Egyéb;
Jegyzetfüzet, notesz, toll;jegyzetfuzet notesz toll;Egyéb;
Általános;altalanos;Egyéb;
Klasszikus mesék;klasszikus mesek;Ifjúsági irodalom;Gyermek
Ajándéktárgyak;ajandektargyak;Egyéb;
Jóslás, álomfejtés, tarot;joslas alomfejtes tarot;Vallás és spiritualitás;Spiritualitás
Játékkártya, társasjáték;jatekkartya tarsasjatek;Egyéb;
2023-as naptárak;2023as naptarak;Egyéb;
1848-49;184849;Történelem;Magyarság
Erdély;erdely;Társadalomtudomány;Néprajz
Szociológia;szociologia;Társadalomtudomány;Szociológia
Angolszász;angolszasz;Társadalomtudomány;Néprajz
Metafizika, ismeretelmélet;metafizika ismeretelmelet;Ismeretterjesztés és tudományok;
Riportkönyv, tényirodalom;riportkonyv tenyirodalom;Antalógia;
Internet;internet;Ismeretterjesztés és tudományok;Informatika és technológia
Életrajz;eletrajz;Életrajzi;
Tanulmányok, műelemzések;tanulmanyok muelemzesek;Nyelvészet és oktatás;Iskola
II. világháború;ii vilaghaboru;Történelem;Háború
Esszé;essze;Szépirodalom;Esszé
Leporellók, lapozók;leporellok lapozok;Egyéb;
Életrajzok;eletrajzok;Életrajzi;
1956;1956;Történelem;Magyarság
Nemzetközi gazdaságtan;nemzetkozi gazdasagtan;Üzlet és gazdaság;Nemzetközi gazdaságtan
Egészséges életmód;egeszseges eletmod;Életmód;Egészséges életmód
Magyarország;magyarorszag;Történelem;Magyarság
Biológia, egészségtan;biologia egeszsegtan;Ismeretterjesztés és tudományok;Biológia
Menedzsment, vezetési stratégiák;menedzsment vezetesi strategiak;Üzlet és gazdaság;Menedzsment
Szobanövények;szobanovenyek;Ismeretterjesztés és tudományok;Természet
A történelmi Magyarország;a tortenelmi magyarorszag;Történelem;Magyarság
Judaizmus;judaizmus;Vallás és spiritualitás;Judaizmus
Verselemzések, tanulmányok;verselemzesek tanulmanyok;Nyelvészet és oktatás;Iskola
Francia;francia;Nyelvészet és oktatás;Francia
Prózaelemzések, tanulmányok;prozaelemzesek tanulmanyok;Nyelvészet és oktatás;Iskola
Sonstiges;sonstiges;Német;
Deutschland;deutschland;Német;
Garten, Pflanzen, Natur;garten pflanzen natur;Német;
Tiermedizin;tiermedizin;Német;
Lernen;lernen;Német;
Unterrichtsmat., Lehrer;unterrichtsmat lehrer;Német;
Schulbücher;schulbucher;Német;
Allgemeines, Lexika;allgemeines lexika;Német;
Kunstgeschichte;kunstgeschichte;Német;
Musiktheorie, Musiklehre;musiktheorie musiklehre;Német;
VHS, Erwachsenenbildung;vhs erwachsenenbildung;Német;
Politikwissenschaft;politikwissenschaft;Német;
Auto, Motorrad, Moped;auto motorrad moped;Német;
Tiere, Pflanzen, Natur;tiere pflanzen natur;Német;
Didaktik, Methodik, Schulpädagogik, Fachdidaktik;didaktik methodik schulpadagogik fachdidaktik;Német;
Christentum;christentum;Német;
Entspannung, Yoga, Meditation, Autogenes Training;entspannung yoga meditation autogenes training;Német;
Sonderpädagogik, Behindertenpädagogik;sonderpadagogik behindertenpadagogik;Német;
Biographien, Erinnerungen;biographien erinnerungen;Német;
Biographien, Monographien;biographien monographien;Német;
Regionalgeschichte;regionalgeschichte;Német;
Management;management;Német;
Lyrik, Dramatik und Essays;lyrik dramatik und essays;Német;
Grenzwissenschaften;grenzwissenschaften;Német;
Theater, Ballett, Film, Fernsehen;theater ballett film fernsehen;Német;
Politika;politika;Társadalomtudomány;Politika
Média;media;Társadalomtudomány;Média
A Rákosi- és Kádár-korszak;a rakosi es kadarkorszak;Történelem;Magyarság
Földrajz;foldrajz;Ismeretterjesztés és tudományok;Földrajz
Magyarország a két világháború között;magyarorszag a ket vilaghaboru kozott;Történelem;Magyarság
Vallástörténet;vallastortenet;Vallás és spiritualitás;Vallástörténet
Álláskeresés, karrierépítés, HR;allaskereses karrierepites hr;Életmód;Önfejlesztő
A Biblia világa;a biblia vilaga;Vallás és spiritualitás;Kereszténység
Jog;jog;Ismeretterjesztés és tudományok;Jog
Népmesék;nepmesek;Ifjúsági irodalom;Gyermek
Matematika;matematika;Ismeretterjesztés és tudományok;Matematika
Környezetismeret;kornyezetismeret;Ismeretterjesztés és tudományok;Ökológia
Budapest;budapest;Történelem;Magyarság
Újkor;ujkor;Történelem;Újkor
Egyetemes művelődéstörténet;egyetemes muvelodestortenet;Történelem;Egyetemes
Romantikus;romantikus;Szépirodalom;Romantikus
Kommunikáció, tárgyalástechnika;kommunikacio targyalastechnika;Ismeretterjesztés és tudományok;Kommunikáció
Sci-fi;scifi;Szépirodalom;Sci-fi
Klasszikus;klasszikus;Szépirodalom;Klasszikus
Magyar konyha;magyar konyha;Életmód;Gasztronómia
Közgazdaság;kozgazdasag;Üzlet és gazdaság;Közgazdaságtan
Társadalompolitika;tarsadalompolitika;Társadalomtudomány;Politika
Humoros;humoros;Szabadidő;Humor
Kalandregény;kalandregeny;Szépirodalom;Kaland
3-6 éveseknek;36 eveseknek;Ifjúsági irodalom;Gyermek
Jelenkori történelem;jelenkori tortenelem;Történelem;Jelenkor
Film és színház;film es szinhaz;Ismeretterjesztés és tudományok;Média
Analízis;analizis;Ismeretterjesztés és tudományok;Matematika
Gasztronómiatörténet;gasztronomiatortenet;Életmód;Gasztronómia
Krimi;krimi;Szépirodalom;Krimi
Levelezés, napló;levelezes naplo;Életrajzi;
Monográfiák, tanulmányok;monografiak tanulmanyok;Nyelvészet és oktatás;Iskola
Kozmetika, szépség, divat;kozmetika szepseg divat;Művészetek;Divat
Műgyűjtés, árverési katalógusok;mugyujtes arveresi katalogusok;Egyéb;
Ipar;ipar;Üzlet és gazdaság;Vállalkozás
Egyéb kiadványok;egyeb kiadvanyok;Egyéb;
Fantasy;fantasy;Szépirodalom;Fantasy
Labdarúgás;labdarugas;Szabadidő;Sport
Borászat;boraszat;Ismeretterjesztés és tudományok;Természet
Elméleti közgazdaságtan, közgazdaságtörténet;elmeleti kozgazdasagtan kozgazdasagtortenet;Üzlet és gazdaság;Közgazdaságtan
Általános pszichológia;altalanos pszichologia;Társadalomtudomány;Pszichológia
Operációs rendszer;operacios rendszer;Ismeretterjesztés és tudományok;Informatika és technológia
Turista, kerékpáros;turista kerekparos;Szabadidő;Sport
19. századi;19 szazadi;Történelem;
Afrika;afrika;Ismeretterjesztés és tudományok;Földrajz
Logika;logika;Ismeretterjesztés és tudományok;Logika
Levelezés;levelezes;Életrajzi;
Iroda és otthon;iroda es otthon;Életmód;
Személyiségpszichológia;szemelyisegpszichologia;Társadalomtudomány;Pszichológia
Sütemények, édességek;sutemenyek edessegek;Életmód;Gasztronómia
Zenetörténet;zenetortenet;Művészetek;Zene
Hardver;hardver;Ismeretterjesztés és tudományok;Informatika és technológia
Kutya;kutya;Ismeretterjesztés és tudományok;Természet
Könyvtörténet;konyvtortenet;Történelem;
Összefoglaló;osszefoglalo;Antalógia;
Bibliográfia;bibliografia;Életrajzi;
Állatmesék;allatmesek;Ifjúsági irodalom;Gyermek
Ókor;okor;Történelem;Ókor
Terhesség és szülés;terhesseg es szules;Életmód;Szülők
Irodalomelmélet;irodalomelmelet;Nyelvészet és oktatás;
Nemzetgazdaságtan;nemzetgazdasagtan;Üzlet és gazdaság;Közgazdaságtan
Őskor és Ókori-kelet;oskor es okorikelet;Történelem;Őskor
Pénzügy;penzugy;Üzlet és gazdaság;Pénzügy
Fémművesség;femmuvesseg;Művészetek;
További városok, megyék;tovabbi varosok megyek;Ismeretterjesztés és tudományok;Földrajz
Egyetemes építészet;egyetemes epiteszet;Ismeretterjesztés és tudományok;Építészet
Saláták, zöldségek, fűszerek;salatak zoldsegek fuszerek;Ismeretterjesztés és tudományok;Természet
Kortárs művészet;kortars muveszet;Kortárs;
Hinduizmus;hinduizmus;Vallás és spiritualitás;Hinduizmus
Zenetudomány;zenetudomany;Művészetek;Zene
Szociálpszichológia, társas kapcsolatok;szocialpszichologia tarsas kapcsolatok;Társadalomtudomány;Szociológia
Ázsia;azsia;Ismeretterjesztés és tudományok;
Német;nemet;Német;
Egyetemes fotóművészet;egyetemes fotomuveszet;Ismeretterjesztés és tudományok;Média
Thriller, horror;thriller horror;Szépirodalom;Thriller és horror
Mesegyűjtemények;mesegyujtemenyek;Ifjúsági irodalom;Gyermek
Kreatív hobbi;kreativ hobbi;Szabadidő;
Szótárak;szotarak;Nyelvészet és oktatás;Szótár
Babakonyha;babakonyha;Életmód;Szülők
Autó-motor;automotor;Szabadidő;Jármű
Történelemfilozófia;tortenelemfilozofia;Társadalomtudomány;Filozófia
Elbeszélések, novellák;elbeszelesek novellak;Szépirodalom;Novella
Életvitel, technika;eletvitel technika;Életmód;Önfejlesztő
Etika, politikafilozófia;etika politikafilozofia;Társadalomtudomány;Filozófia
Tőzsde;tozsde;Üzlet és gazdaság;Tőzsde
Asztrológia;asztrologia;Ismeretterjesztés és tudományok;Csillagászat
Külkereskedelem;kulkereskedelem;Üzlet és gazdaság;Kereskedelem
Szakirányú;szakiranyu;Ismeretterjesztés és tudományok;
Barokk;barokk;Művészetek;
Földművelés, növénytermesztés;foldmuveles novenytermesztes;Ismeretterjesztés és tudományok;Természet
Filozófiatörténet;filozofiatortenet;Társadalomtudomány;Filozófia
Grafika;grafika;Ismeretterjesztés és tudományok;Informatika és technológia
Európa;europa;Ismeretterjesztés és tudományok;
Országok;orszagok;Ismeretterjesztés és tudományok;
18. századi;18 szazadi;Történelem;
A hidegháború kora;a hideghaboru kora;Történelem;
Világirodalom;vilagirodalom;Világirodalom;
Feng shui;feng shui;Szabadidő;
Magyar műv. történet;magyar muv tortenet;Történelem;Magyarság
Wellness, fitness, jóga;wellness fitness joga;Szabadidő;Sport
Hal- és vadételek;hal es vadetelek;Életmód;Gasztronómia
Könnyűzene, jazz;konnyuzene jazz;Művészetek;Zene
Genetika, evolúció;genetika evolucio;Ismeretterjesztés és tudományok;Genetika
Magyar irodalom;magyar irodalom;Szépirodalom;Magyar irodalom
Tudomány és természet;tudomany es termeszet;Ismeretterjesztés és tudományok;Természet
Orientalisztika;orientalisztika;Társadalomtudomány;
Tankönyv, segédkönyv;tankonyv segedkonyv;Nyelvészet és oktatás;Iskola
Ajándékkönyv;ajandekkonyv;Egyéb;
Egészséges táplálkozás, diétáskönyvek;egeszseges taplalkozas dietaskonyvek;Életmód;Gasztronómia
Városok;varosok;Ismeretterjesztés és tudományok;Földrajz
Vízisportok;vizisportok;Szabadidő;Sport
Sport, játék;sport jatek;Szabadidő;Sport
Értékesítés;ertekesites;Üzlet és gazdaság;Kereskedelem
Könyvtártörténet;konyvtartortenet;Történelem;
Ezoterikus filozófia;ezoterikus filozofia;Társadalomtudomány;Filozófia
Design;design;Művészetek;Divat
Magyar;magyar;Szépirodalom;Magyar
Történelem;tortenelem;Történelem;
Állattan;allattan;Ismeretterjesztés és tudományok;Természet
Olimpia;olimpia;Szabadidő;Sport
Turista, kerékpáros, vízisport;turista kerekparos vizisport;Szabadidő;Sport
Magyar fotóművészet;magyar fotomuveszet;Ismeretterjesztés és tudományok;Média
Italok;italok;Szabadidő;
Népzene;nepzene;Művészetek;Zene
Kézimunka;kezimunka;Szabadidő;
Irodalom;irodalom;Szépirodalom;
Szexológia;szexologia;Társadalomtudomány;Pszichológia
Kerti növények;kerti novenyek;Ismeretterjesztés és tudományok;Természet
Kritikák;kritikak;Szépirodalom;Kritika
Módszertani kiadványok;modszertani kiadvanyok;Nyelvészet és oktatás;
Nyomdaipar;nyomdaipar;Ismeretterjesztés és tudományok;Média
Kereskedelem, szolgáltatás;kereskedelem szolgaltatas;Üzlet és gazdaság;Kereskedelem
Esztétika;esztetika;Művészetek;Divat
Mágia, boszorkányság;magia boszorkanysag;Vallás és spiritualitás;Spiritualitás
Húsételek;husetelek;Életmód;Gasztronómia
Csillagászat;csillagaszat;Ismeretterjesztés és tudományok;Csillagászat
Zene;zene;Művészetek;Zene
Fizika;fizika;Ismeretterjesztés és tudományok;Fizika
Kvíz, rejtvény;kviz rejtveny;Szabadidő;
Középiskola;kozepiskola;Nyelvészet és oktatás;Iskola
Magyar nyelv;magyar nyelv;Nyelvészet és oktatás;Magyar
Monográfiák;monografiak;Egyéb;
Képregény;kepregeny;Képregény;
Adózás, könyvvitel;adozas konyvvitel;Üzlet és gazdaság;Pénzügy
Keleti tanítások;keleti tanitasok;Életmód;Önfejlesztő
Téli sportok;teli sportok;Szabadidő;Sport
Marketing, reklám;marketing reklam;Üzlet és gazdaság;Marketing
Tudományfilozófia;tudomanyfilozofia;Társadalomtudomány;Filozófia
Lovassportok;lovassportok;Szabadidő;Sport
Nemzetközi konyha;nemzetkozi konyha;Életmód;Gasztronómia
További albumok;tovabbi albumok;Egyéb;
Növénytan;novenytan;Ismeretterjesztés és tudományok;Természet
Horgászat;horgaszat;Szabadidő;Sport
Sajtótörténet;sajtotortenet;Ismeretterjesztés és tudományok;Média
Drámaelemzések, tanulmányok;dramaelemzesek tanulmanyok;Nyelvészet és oktatás;Iskola
Tánc;tanc;Szabadidő;Sport
Túrázás, hegymászás;turazas hegymaszas;Szabadidő;Sport
Foglalkoztatók;foglalkoztatok;Üzlet és gazdaság;Vállalkozás
Küzdősportok, harcművészet;kuzdosportok harcmuveszet;Szabadidő;Sport
Keleti filozófia;keleti filozofia;Társadalomtudomány;Filozófia
Meditáció, jóga;meditacio joga;Szabadidő;Sport
Vadászat;vadaszat;Szabadidő;Sport
Gyermek;gyermek;Ifjúsági irodalom;Gyermek
Kazetta;kazetta;Egyéb;
Nyelvoktató;nyelvoktato;Nyelvészet és oktatás;
Diafilmek;diafilmek;Egyéb;
BOOKR Kids ajándékkártyák;bookr kids ajandekkartyak;Egyéb;
Gyógyszerészet;gyogyszereszet;Ismeretterjesztés és tudományok;Kémia
Módszertan;modszertan;Ismeretterjesztés és tudományok;Pedagógia
Erzählungen;erzahlungen;Német;
Lebensführung allgemein;lebensfuhrung allgemein;Német;
Judentum;judentum;Német;
Übrige Germanische;ubrige germanische;Német;
20., 21. Jahrhundert;20 21 jahrhundert;Német;
Geschichten, Reime;geschichten reime;Német;
Fremdsprachige Wörterbücher;fremdsprachige worterbucher;Német;
Gesunde Ernährung;gesunde ernahrung;Német;
Lernhilfen, Abiturwissen;lernhilfen abiturwissen;Német;
Europa;europa;Német;
Elektronik, Elektrotechnik, Nachrichtentechnik;elektronik elektrotechnik nachrichtentechnik;Német;
Märchen und Sagen;marchen und sagen;Német;
Deutschsprachige;deutschsprachige;Német;
Jugendromane u. -erzählungen;jugendromane u erzahlungen;Német;
Művészet;muveszet;Művészetek;
Ratgeber Gesundheit;ratgeber gesundheit;Német;
Fitneß, Aerobic, Bodybuilding, Gymnastik;fitne aerobic bodybuilding gymnastik;Német;
Anthroposophie;anthroposophie;Német;
Angewandte Psychologie;angewandte psychologie;Német;
Apprentissage Aids;apprentissage aids;Német;
Short Stories;short stories;Német;
Gesunde Küche, Schlanke Küche;gesunde kuche schlanke kuche;Német;
Berufsschulbücher;berufsschulbucher;Német;
Kreativität;kreativitat;Német;
Antike;antike;Német;
Deutscher Idealismus, 19. Jh.;deutscher idealismus 19 jh;Német;
Tiere, Jagen, Angeln;tiere jagen angeln;Német;
Musikalien;musikalien;Német;
Lyrik, Dramatik, Essays;lyrik dramatik essays;Német;
Labdajátékok;labdajatekok;Szabadidő;Sport
Albumok;albumok;Egyéb;
Gyermekpszichológia;gyermekpszichologia;Társadalomtudomány;Pszichológia
Ünnepi ételek;unnepi etelek;Életmód;Gasztronómia
Mitológia;mitologia;Szépirodalom;Mitológia
Kiállítási katalógus;kiallitasi katalogus;Egyéb;
Általános gyógyászat;altalanos gyogyaszat;Ismeretterjesztés és tudományok;Orvoslás
Mechanical Engineering;mechanical engineering;Angol;
Deutsch als Fremdsprache;deutsch als fremdsprache;Német;
Music;music;Német;
Schoolbooks, Adult Education;schoolbooks adult education;Német;
Geschenkbücher;geschenkbucher;Német;
Livres Scolaires, Interprétation;livres scolaires interpretation;Német;
Astrologie;astrologie;Német;
Ballsport;ballsport;Német;
Andere Fachgebiete;andere fachgebiete;Német;
Praktische Theologie;praktische theologie;Német;
Science Fiction und Fantasy;science fiction und fantasy;Német;
Sammlerkataloge;sammlerkataloge;Német;
20. Jahrhundert;20 jahrhundert;Német;
Zoologie;zoologie;Német;
Arithmetik, Algebra;arithmetik algebra;Német;
Allgemeines;allgemeines;Német;
Humor, Cartoons und Comics;humor cartoons und comics;Német;
Nutzfahrzeuge;nutzfahrzeuge;Német;
Märchen, Sagen und Legenden;marchen sagen und legenden;Német;
Bildende Kunst;bildende kunst;Német;
Einzelne Psychologen;einzelne psychologen;Német;
Soziologie;soziologie;Német;
Grundlagen (Methodik, Statistik);grundlagen methodik statistik;Német;
Chemische Technik;chemische technik;Német;
Bilderbücher;bilderbucher;Német;
A Nyugat és köre;a nyugat es kore;Társadalomtudomány;
Kertépítés, kerti munkák;kertepites kerti munkak;Ismeretterjesztés és tudományok;Természet
Entspannung, Yoga, Meditation;entspannung yoga meditation;Német;
Livres Scolaires Allemandes;livres scolaires allemandes;Német;
Allgemeinmedizin, Diagnostik, Therapie;allgemeinmedizin diagnostik therapie;Német;
Analysis;analysis;Német;
Music supplies, Notes;music supplies notes;Német;
Instrumentenunterricht;instrumentenunterricht;Német;
Militärfahrzeuge, -flugzeuge, -schiffe;militarfahrzeuge flugzeuge schiffe;Német;
German Schoolbooks;german schoolbooks;Német;
Construction Engineering, Environmental Engineering;construction engineering environmental engineering;Angol;
Crime Stories;crime stories;Angol;
Sachbücher;sachbucher;Német;
Kriminalromane;kriminalromane;Német;
Lektüren, Interpretationen;lekturen interpretationen;Német;
Libros escolares alemanes;libros escolares alemanes;Német;
Alternative Medizin, Naturmedizin, Homöopathie;alternative medizin naturmedizin homoopathie;Német;
Allg. u. vergl. Sprachwiss.;allg u vergl sprachwiss;Német;
Healthy, Slim Cooking;healthy slim cooking;Angol;
Betriebswirtschaft;betriebswirtschaft;Német;
Spielen, Raten;spielen raten;Német;
Mittelalter;mittelalter;Német;
General;general;Német;
Religion, Theologie;religion theologie;Német;
Kunst, Musik;kunst musik;Német;
Themenkochbücher;themenkochbucher;Német;
Allg. Kochbücher, Grundkochbücher;allg kochbucher grundkochbucher;Német;
Marketing;marketing;Német;
Équipement Music, Partitions;equipement music partitions;Német;
Östliche Philosophie;ostliche philosophie;Német;
Kortárs regények;kortars regenyek;Kortárs;
Further Disciplines;further disciplines;Angol;
Klassische;klassische;Német;
Libros escolares, Lecturas, Interpretaciones;libros escolares lecturas interpretaciones;Német;
Medizinische Ratgeber zu Krankheiten;medizinische ratgeber zu krankheiten;Német;
Cartoons, Comics;cartoons comics;Angol;
Esoterik;esoterik;Német;
Schoolbooks, Readings, Interpretations;schoolbooks readings interpretations;Német;
Musik;musik;Német;
Grafológia;grafologia;Ismeretterjesztés és tudományok;
Zeitgeschichte, Politik (ab 1949);zeitgeschichte politik ab 1949;Német;
Science Fiction, Fantasy;science fiction fantasy;Angol;
Bibelausgaben, Gesangbücher;bibelausgaben gesangbucher;Német;
Bau- und Umwelttechnik;bau und umwelttechnik;Német;
Erziehungsratgeber;erziehungsratgeber;Német;
Allgemeines, Lexika, Handbücher;allgemeines lexika handbucher;Német;
Sociología;sociologia;Német;
Geometry;geometry;Angol;
Architektur;architektur;Német;
Geschichte, Politik;geschichte politik;Német;
Learning Aids;learning aids;Német;
Volkswirtschaft;volkswirtschaft;Német;
Welt gesamt, Pole;welt gesamt pole;Német;
Kindergarten, Vorschulpädagogik;kindergarten vorschulpadagogik;Német;
Bildungswesen (Schule, Hochschule);bildungswesen schule hochschule;Német;
Modellbau;modellbau;Német;
Political Science;political science;Angol;
First Reading;first reading;Angol;
Internal Medicine, Surgery;internal medicine surgery;Angol;
Strafrecht;strafrecht;Német;
Neuzeit;neuzeit;Német;
German as a Foreign Language;german as a foreign language;Angol;
Luftfahrt-, Raumfahrttechnik;luftfahrt raumfahrttechnik;Német;
Sachbilderbücher;sachbilderbucher;Német;
Technik allgemein;technik allgemein;Német;
Internationales und ausländ. Recht;internationales und ausland recht;Német;
Landwirtschaft, Gartenbau;landwirtschaft gartenbau;Német;
Musikgeschichte;musikgeschichte;Német;
Economics;economics;Angol;
Humor, Cartoons, Comics;humor cartoons comics;Angol;
Sozialpädagogik;sozialpadagogik;Német;
Liederbücher, Operntexte, Musik-CDs;liederbucher operntexte musikcds;Német;
Recht, Wirtschaft;recht wirtschaft;Német;
Pferdesport;pferdesport;Német;
Libros escolares, Educación para adultos;libros escolares educacion para adultos;Spanyol;
Physics, Astronomy;physics astronomy;Angol;
Livres Scolaires, Éducation des Adultes;livres scolaires education des adultes;Francia;
German Teaching Materials;german teaching materials;Angol;
Fotografía;fotografia;Spanyol;
Livres References;livres references;Francia;
Ficción;ficcion;Spanyol;
Grundlagen;grundlagen;Német;
Tarot, Lebensdeutung, Orakel;tarot lebensdeutung orakel;Német;
Allgemeines, Lexika, Geschichte;allgemeines lexika geschichte;Német;
Geisteswissenschaften allgemein;geisteswissenschaften allgemein;Német;
Biografien;biografien;Német;
Educational Systems;educational systems;Angol;
Organic Chemistry;organic chemistry;Angol;
Altertum;altertum;Német;
Maschinenbau, Fertigungstechnik;maschinenbau fertigungstechnik;Német;
Südamerika;sudamerika;Német;
Learning;learning;Angol;
Publishing, Book Trade, Librarianship;publishing book trade librarianship;Angol;
Populäre Darstellungen;populare darstellungen;Német;
Aprender;aprender;Német;
Cuentos de hadas, Derechoendas;cuentos de hadas derechoendas;Német;
Informatik;informatik;Német;
Sci-fi, fantasy;scifi fantasy;Német;
Erstlesealter;erstlesealter;Német;
Einzelne Wirtschaftszweige;einzelne wirtschaftszweige;Német;
Partnerschaft, Beziehungen;partnerschaft beziehungen;Német;
Fiction;fiction;Angol;
Middle Ages;middle ages;Angol;
Stochastics, Statistics;stochastics statistics;Angol;
Verlagswesen;verlagswesen;Német;
Ökologie;okologie;Német;
Allgemeines Handbücher, Lexika;allgemeines handbucher lexika;Német;
Miscellaneous;miscellaneous;Angol;
20th century;20th century;Angol;
Gattungen u. Methoden;gattungen u methoden;Német;
Erwachsenenbildung;erwachsenenbildung;Német;
Baby and Preschool (Fiction);baby and preschool fiction;Angol;
Handels- und Wirtschaftsrecht, Arbeitsrecht;handels und wirtschaftsrecht arbeitsrecht;Német;
Theoretische Psychologie;theoretische psychologie;Német;
General, Reference Books;general reference books;Angol;
Pharmazie, Pharmakologie, Toxikologie;pharmazie pharmakologie toxikologie;Német;
Naturwissenschaften, Technik allg.;naturwissenschaften technik allg;Német;
Sonstige Sportarten;sonstige sportarten;Német;
Renaissance und Aufklärung;renaissance und aufklarung;Német;
Getränke;getranke;Német;
Krimik;krimik;Angol;
Geologie;geologie;Német;
Basteln, Handarbeiten;basteln handarbeiten;Német;
Populäre Schriften;populare schriften;Német;
Europe;europe;Angol;
Photographie;photographie;Német;
Christian Religion;christian religion;Angol;
Theory of Music;theory of music;Angol;
Peinture, Dessin;peinture dessin;Német;
International;international;Angol;
Populäre Darst.;populare darst;Német;
Sozialwissenschaften allgemein;sozialwissenschaften allgemein;Német;
Nature;nature;Angol;
Tarot;tarot;Német;
Popular;popular;Angol;
Länderküchen;landerkuchen;Német;
Computer Science;computer science;Angol;
Mathematics;mathematics;Angol;
Biochemistry;biochemistry;Angol;
Nichtchristliche Religionen;nichtchristliche religionen;Német;
Astronomie;astronomie;Német;
Lyrics, Poetry, Essays, Speeches;lyrics poetry essays speeches;Angol;
Psychoanalyse;psychoanalyse;Német;
Briefe, Bewerbungen, Wiss. Arbeiten, Rhetorik;briefe bewerbungen wiss arbeiten rhetorik;Német;
Public Administration;public administration;Angol;
Naturwissensch., Technik;naturwissensch technik;Német;
History and Politics;history and politics;Angol;
Sociology;sociology;Angol;
Schiffe;schiffe;Német;
Gyermekek és szülők;gyermekek es szulok;Életmód;Szülők
Policier et suspence;policier et suspence;Német;
Fotografieren, Filmen, Videofilmen;fotografieren filmen videofilmen;Német;
Angol nyelvű könyvek;angol nyelvu konyvek;Angol;
Programming Languages;programming languages;Angol;
Flugzeuge;flugzeuge;Német;
Didactics, Methods;didactics methods;Angol;
Regional History;regional history;Angol;
Német nyelvű könyvek;nemet nyelvu konyvek;Német;
Non-Fiction;nonfiction;Angol;
Livres Tournure;livres tournure;Francia;
Privatrecht, BGB;privatrecht bgb;Német;
Sozialarbeit;sozialarbeit;Német;
Allemagne;allemagne;Német;
Theatre, Ballet, Film;theatre ballet film;Angol;
General Medicine, Diagnostics, Therapy;general medicine diagnostics therapy;Angol;
Ball Sports;ball sports;Angol;
Vor- und Frühgeschichte;vor und fruhgeschichte;Német;
Anwendungs-Software;anwendungssoftware;Német;
Psychologische Ratgeber;psychologische ratgeber;Német;
Kommunikationswissenschaften;kommunikationswissenschaften;Német;
Rechtsratgeber;rechtsratgeber;Német;
Malen, Zeichnen;malen zeichnen;Német;
Wassersport, Segeln;wassersport segeln;Német;
Backen;backen;Német;
Ciencia ficción, Fantasía;ciencia ficcion fantasia;Spanyol;
Allg. Handbücher, Lexika;allg handbucher lexika;Német;
Botany;botany;Angol;
Allg., Nachschlagewerke;allg nachschlagewerke;Német;
Letters, Diaries, Biographies;letters diaries biographies;Angol;
Science, Engineering;science engineering;Angol;
Social Pedagogy;social pedagogy;Angol;
Öffentliches Recht;offentliches recht;Német;
Technik allg.;technik allg;Német;
Song Books, Operas;song books operas;Angol;
Operating System;operating system;Angol;
Libros de divulgación;libros de divulgacion;Spanyol;
Guidebooks Health;guidebooks health;Angol;
Didactique, Méthode Sciantifique;didactique methode sciantifique;Spanyol;
Leichtathletik, Turnen;leichtathletik turnen;Német;
Lexika;lexika;Német;
Applied Psychology;applied psychology;Angol;
Fotografie;fotografie;Német;
Spielgesch.;spielgesch;Német;
Motor, Bike Sports;motor bike sports;Angol;
Auto-, Motorrad-, Rad-, Flugsport;auto motorrad rad flugsport;Német;
Estudios literarios neolatinos;estudios literarios neolatinos;Spanyol;
Zahnmedizin, Mund- und Kieferheilkunde;zahnmedizin mund und kieferheilkunde;Német;
Nyelvkönyvek;nyelvkonyvek;Nyelvészet és oktatás;
Datenkommunikation, Netze, Mailboxen;datenkommunikation netze mailboxen;Német;
Réssources Éducatives;ressources educatives;Francia;
Mensch;mensch;Német;
International Law;international law;Angol;
Botanik;botanik;Német;
English Linguistics;english linguistics;Angol;
Poésie lyric, Essays, Discourses;poesie lyric essays discourses;Angol;
Ecology;ecology;Angol;
Kampfsport, Selbstverteidigung;kampfsport selbstverteidigung;Német;
Historias de crimen;historias de crimen;Spanyol;
Zoology;zoology;Angol;
Szakkönyvek;szakkonyvek;Ismeretterjesztés és tudományok;Szakkönyv
Romanische;romanische;Német;
Beaux-Arts;beauxarts;Francia;
Angewandte Soziologie;angewandte soziologie;Német;
Painting, Drawing;painting drawing;Angol;
Quiz, Rätsel;quiz ratsel;Német;
Werbung, Marketing;werbung marketing;Német;
Asien;asien;Német;
German Dictionaries, German Encyclopaedia;german dictionaries german encyclopaedia;Angol;
Musical Instruments, Tuition;musical instruments tuition;Angol;
Briefe, Bewerbungen, Wiss. Arbeiten, Rhet.;briefe bewerbungen wiss arbeiten rhet;Német;
Fine Arts;fine arts;Angol;
Architecture;architecture;Angol;
Instruments, Méthodes-Pedagogie;instruments methodespedagogie;Francia;
Combatant Sports;combatant sports;Angol;
Basic;basic;Angol;
Healthy Nutrition;healthy nutrition;Angol;
Fictionelle;fictionelle;Spanyol;
Gyermek- és ifjúsági irodalom;gyermek es ifjusagi irodalom;Ifjúsági irodalom;
Physikalische Chemie;physikalische chemie;Német;
Märchen, Sagen, Legenden;marchen sagen legenden;Német;
Theoretische Physik;theoretische physik;Német;
Biographies;biographies;Angol;
Religion, Philosophie;religion philosophie;Angol;
Sozialwissenschaften, Recht, Wirtschaft, Steuern;sozialwissenschaften recht wirtschaft steuern;Német;
Kunst allgemein;kunst allgemein;Német;
Correspondances, Mémoires, Biographies;correspondances memoires biographies;Angol;
Wahrscheinlichkeitstheorie;wahrscheinlichkeitstheorie;Német;
Variados;variados;Német;
Ayuda para aprender;ayuda para aprender;Spanyol;
Reiseberichte, Reiseerzählungen;reiseberichte reiseerzahlungen;Német;
Alemania;alemania;Német;
Instrumentenkunde;instrumentenkunde;Német;
Applied Theology;applied theology;Angol;
Proche Orient;proche orient;Francia;
Geografie;geografie;Német;
SF, Fantasy;sf fantasy;Francia;
Rhymes and Songs;rhymes and songs;Angol;
Général;general;Francia;
Divers;divers;Francia;
North and Central America;north and central america;Angol;
Történelmi és háborús regények;tortenelmi es haborus regenyek;Történelem;Háború
Germany;germany;Német;
Astronomy;astronomy;Angol;
Africa;africa;Angol;
Science;science;Angol;
Relationship;relationship;Angol;
Wärme-, Energie-, Kraftwerktechnik;warme energie kraftwerktechnik;Német;
Sport;sport;Angol;
Fahrrad;fahrrad;Német;
Kinder- und Jugendbücher;kinder und jugendbucher;Német;
Design, Interior Design;design interior design;Német;
Encyclopaedia General;encyclopaedia general;Német;
Naturwissenschaften;naturwissenschaften;Német;
Programmiersprachen;programmiersprachen;Német;
Populäres;populares;Német;
Geschichte;geschichte;Német;
Dessins, Comics;dessins comics;Német;
History;history;Angol;
Antique Literary Studies;antique literary studies;Angol;
History of Art;history of art;Angol;
Games;games;Angol;
Umwelt;umwelt;Német;
Wirtschaftsratgeber;wirtschaftsratgeber;Német;
Cartoons ,Comics;cartoons comics;Angol;
Handicraft, Handiwork;handicraft handiwork;Angol;
Special Cooking;special cooking;Angol;
Software;software;Angol;
Kunstreiseführer;kunstreisefuhrer;Német;
Alternative Medicine, Homeopathy;alternative medicine homeopathy;Német;
Presentar la candidatura, Retórica;presentar la candidatura retorica;Francia;
Humanities;humanities;Angol;
Organische Chemie;organische chemie;Német;
Informatique;informatique;Francia;
De 0 á 6 ans;de 0 a 6 ans;Francia;
Ifjúsági irodalom;ifjusagi irodalom;Ifjúsági irodalom;
Schienenfahrzeuge;schienenfahrzeuge;Német;
Nordamerika;nordamerika;Német;
Materiales didácticos;materiales didacticos;Spanyol;
Contemporary, Politics;contemporary politics;Angol;
Cristianismo;cristianismo;Spanyol;
Garden, Plants, Nature;garden plants nature;Angol;
Beverages;beverages;Angol;
International, Regional Cooking;international regional cooking;Angol;
Guidebooks;guidebooks;Angol;
Photography;photography;Angol;
Guides Général;guides general;Francia;
Innenarchitektur, Design;innenarchitektur design;Német;
Guías;guias;Német;
Artisan, Miscellaneous;artisan miscellaneous;Angol;
Letras, Poesía, Ensayos, Discursos;letras poesia ensayos discursos;Spanyol;
Didáctica, Métodos;didactica metodos;Spanyol;
Modern Times (before WW I);modern times before ww i;Angol;
Creativity;creativity;Angol;
Arts and Music;arts and music;Angol;
Geology;geology;Angol;
Kinderbeschäftigung;kinderbeschaftigung;Német;
Internet, Data Communication, Networks;internet data communication networks;Angol;
Libros para nińos;libros para ninos;Spanyol;
Phrase Books;phrase books;Angol;
Humans;humans;Angol;
Journalism;journalism;Angol;
Electrical Engineering;electrical engineering;Angol;
South America;south america;Angol;
Betriebssysteme, Benutzeroberflächen;betriebssysteme benutzeroberflachen;Német;
Further Linguistics;further linguistics;Angol;
Asia;asia;Angol;
Deutsche Wörterbücher, Regelwerke;deutsche worterbucher regelwerke;Német;
Histoire Regional;histoire regional;Francia;
Fairy-tales, Legends;fairytales legends;Angol;
Practical Tips;practical tips;Angol;
Allg. u. vergl. Sprachwis;allg u vergl sprachwis;Német;
Sectors of Industry;sectors of industry;Angol;
Comercio;comercio;Spanyol;
Reference Books;reference books;Angol;
Gift Books;gift books;Angol;
Praktische Tipps;praktische tipps;Német;
Relaxation, Yoga, Meditation;relaxation yoga meditation;Angol;
World;;Angol;
Esoteric;esoteric;Angol;
Bildbände;bildbande;Német;
Paraspychology, Occultism;paraspychology occultism;Angol;
Non-Christian Theology;nonchristian theology;Angol;
Histoire;histoire;Francia;
Theoretical;theoretical;Angol;
Administration commerciale;administration commerciale;Francia;
Law and Economics;law and economics;Angol;
El alemán como un idioma extranjero;el aleman como un idioma extranjero;Spanyol;
Psychologists;psychologists;Angol;
Théatre, Ballet, Film;theatre ballet film;Angol;
Miscellaneous, Stationary;miscellaneous stationary;Angol;
Business Administration;business administration;Angol;
Bibles, Song Books;bibles song books;Angol;
Volkskunde;volkskunde;Német;
Astrology;astrology;Angol;
International Economy;international economy;Angol;
Administración;administracion;Spanyol;
20th, 21st Century;20th 21st century;Angol;
Chemistry;chemistry;Angol;
Derecho fiscal alemán;derecho fiscal aleman;Spanyol;
Hobby, Freizeit, Natur;hobby freizeit natur;Természet;
Baby or Preschool (Non-Fiction);baby or preschool nonfiction;Angol;
Travel Literature;travel literature;Angol;
Baking;baking;Angol;
Kunst;kunst;Német;
Guide de Santé;guide de sante;Francia;
Handels- und Wirtschaftsrecht, Arbeits- und Soz;handels und wirtschaftsrecht arbeits und soz;Német;
Steuern;steuern;Német;
Époque moderne;epoque moderne;Spanyol;
Jardinage, Nature;jardinage nature;Spanyol;
Fairy Tales;fairy tales;Angol;
German Criminal Law;german criminal law;Angol;
Geography;geography;Angol;
Artisanat;artisanat;Francia;
History of Music;history of music;Angol;
Basic Cooking;basic cooking;Angol;
Social Sciences, Law, Economics;social sciences law economics;Angol;
Politics, Society, Labour;politics society labour;Angol;
Művelődéstörténet;muvelodestortenet;Történelem;
Job Application, Rhetorik;job application rhetorik;Angol;
Biblias, cancioneros;biblias cancioneros;Spanyol;
Teoria de música;teoria de musica;Spanyol;
Antiquity;antiquity;Angol;
Australia;australia;Angol;
Farmacología, Toxicología;farmacologia toxicologia;Spanyol;
Hotel-, Restaurant-, Campingführer;hotel restaurant campingfuhrer;Német;
Derecho internacional;derecho internacional;Spanyol;
Environmental Sciences, Ecology;environmental sciences ecology;Angol;
Children's Books;childrens books;Angol;
Gesundheit, Körperpflege;gesundheit korperpflege;Német;
Inorganic Chemistry;inorganic chemistry;Angol;
Social Sciences General;social sciences general;Angol;
Apprendre;apprendre;Spanyol;
Biochemie, Biophysik;biochemie biophysik;Francia;
Travel Guides - General;travel guides  general;Angol;
Hobby, Recreation, Nature;hobby recreation nature;Angol;
Prehistory;prehistory;Angol;
Populaire;populaire;Francia;
Réligion et Philosopie;religion et philosopie;Francia;
Química orgánica;quimica organica;Spanyol;
Gastronomía;gastronomia;Spanyol;
German Civil Law;german civil law;Angol;
Basics;basics;Angol;
Biking;biking;Angol;
Antiques;antiques;Angol;
Pharmacology, Toxicology;pharmacology toxicology;Angol;
Telefonbücher, Kursbücher;telefonbucher kursbucher;Német;
Travel Guides - Hotels, Restaurants;travel guides  hotels restaurants;Angol;
Monde;monde;Spanyol;
Theoretical Physics;theoretical physics;Angol;
Karten, Stadtpläne;karten stadtplane;Német;
Application du Travail, Rhétorique;application du travail rhetorique;Francia;
Biografías;biografias;Spanyol;
Psychoanalysis;psychoanalysis;Angol;
Physical Chemistry;physical chemistry;Angol;
Antiquitäten;antiquitaten;Német;
Astrología;astrologia;Spanyol;
Chemical Engineering;chemical engineering;Angol;
Theoretische Chemie;theoretische chemie;Német;
Philosophie;philosophie;Német;
Médicine, Pharmacie, Disciplines Supplémentaires;medicine pharmacie disciplines supplementaires;Francia;
Hon- és népismeret;hon es nepismeret;Társadalomtudomány;Néprajz
Angol;angol;Nyelvészet és oktatás;Angol
Művészeti képzés;muveszeti kepzes;Művészetek;
Nyelvfilozófia, logika;nyelvfilozofia logika;Társadalomtudomány;Filozófia
Kerámia, porcelán;keramia porcelan;Szabadidő;Kézművesség
Education Science for kinderg. or preschool;education science for kinderg or preschool;Angol;
Science Politique;science politique;Francia;
Erdészet;erdeszet;Ismeretterjesztés és tudományok;Természet
Orosz;orosz;Nyelvészet és oktatás;Orosz
Klasszika-filológia;klasszikafilologia;Nyelvészet és oktatás; 
Mezőgazdaság;mezogazdasag;Ismeretterjesztés és tudományok;Természet
Gasztronómia;gasztronomia;Életmód;Gasztronómia
Olasz;olasz;Nyelvészet és oktatás;Olasz
Haditechnika;haditechnika;Ismeretterjesztés és tudományok;
Közlekedéstechnika;kozlekedestechnika;Ismeretterjesztés és tudományok;
I. világháború;i vilaghaboru;Történelem;Háború
Gyerekeknek;gyerekeknek;Ifjúsági irodalom;Gyermek
Útikönyvek, útleírások;utikonyvek utleirasok;Ismeretterjesztés és tudományok;
Természetismeret;termeszetismeret;Ismeretterjesztés és tudományok;Természet
Ismeretterjesztő;ismeretterjeszto;Ismeretterjesztés és tudományok;
Műszaki-technikusi;muszakitechnikusi;Ismeretterjesztés és tudományok;Szakkönyv
Építészeti képzés;epiteszeti kepzes;Ismeretterjesztés és tudományok;Építészet
Nehézipar;nehezipar;Ismeretterjesztés és tudományok;
Sakk;sakk;Szabadidő;Sport
Filozófia;filozofia;Társadalomtudomány;Filozófia
Balaton;balaton;Ismeretterjesztés és tudományok;
Fotótechnika;fototechnika;Ismeretterjesztés és tudományok;Média
Modern kor;modern kor;Történelem;Modern kor
Kémia;kemia;Ismeretterjesztés és tudományok;Kémia
Alkalmazott matematika;alkalmazott matematika;Ismeretterjesztés és tudományok;Matematika
Kémia, gyógyszerészet;kemia gyogyszereszet;Ismeretterjesztés és tudományok;Kémia
Szolgáltatás;szolgaltatas;Üzlet és gazdaság;Kereskedelem
Többnyelvű;tobbnyelvu;Nyelvészet és oktatás;
Physics, Mechanics, Acoustics;physics mechanics acoustics;Angol;
Ufológia;ufologia;Ismeretterjesztés és tudományok;
Dalgyűjtemények, kották;dalgyujtemenyek kottak;Művészetek;Zene
Ének, zene;enek zene;Művészetek;Zene
Elektronika;elektronika;Ismeretterjesztés és tudományok;Informatika és technológia
Quiz;quiz;Egyéb;
Afrique;afrique;Francia;
Közgazdaság, üzlet;kozgazdasag uzlet;Üzlet és gazdaság;
Egészségügyi;egeszsegugyi;Életmód;Egészséges életmód
Könnyűipar;konnyuipar;Ismeretterjesztés és tudományok;
Társadalomtudomány;tarsadalomtudomany;Társadalomtudomány;
Űrkutatás;urkutatas;Ismeretterjesztés és tudományok;
Fotóalbumok;fotoalbumok;Egyéb;
Belsőépítészet, lakberendezés;belsoepiteszet lakberendezes;Ismeretterjesztés és tudományok;
Spanyol;spanyol;Nyelvészet és oktatás;Spanyol
Valószínűségszámítás, statisztika;valoszinusegszamitas statisztika;Ismeretterjesztés és tudományok;Matematika
Számvitel, statisztika;szamvitel statisztika;Üzlet és gazdaság;Pénzügy
Általános iparművészet;altalanos iparmuveszet;Ismeretterjesztés és tudományok;
Műszaki tudományok;muszaki tudomanyok;Ismeretterjesztés és tudományok;
Equestrian Sports;equestrian sports;Angol;
Environmental Sciences, Agriculture and Forestry;environmental sciences agriculture and forestry;Angol;
Bellas artes;bellas artes;Francia;
Természetgyógyászat;termeszetgyogyaszat;Ismeretterjesztés és tudományok;Orvoslás
Akvarisztika, terrárium;akvarisztika terrarium;Ismeretterjesztés és tudományok;Természet
Mesekönyvek 3-6 éves korosztály;mesekonyvek 36 eves korosztaly;Ifjúsági irodalom;Gyermek
Arts;arts;Angol;
Edad antigua;edad antigua;Spanyol;
Christianisme;christianisme;Spanyol;
Musical Instruments;musical instruments;Angol;
Non-fiction;nonfiction;Angol;
Drámák;dramak;Szépirodalom;Dráma
Technikatörténet;technikatortenet;Ismeretterjesztés és tudományok;
Állatorvoslás;allatorvoslas;Ismeretterjesztés és tudományok;Természet
Ifjúsági ismeretterjesztő;ifjusagi ismeretterjeszto;Ifjúsági irodalom;
Buddhizmus;buddhizmus;Vallás és spiritualitás;Buddhizmus
Erotika;erotika;Szépirodalom;Erotika
Állattenyésztés;allattenyesztes;Ismeretterjesztés és tudományok;Természet
Klasszikus regények;klasszikus regenyek;Szépirodalom;Klasszikus
Atlétika;atletika;Szabadidő;Sport
Vállalatgazdaságtan;vallalatgazdasagtan;Üzlet és gazdaság;Vállalkozás
Mesekönyvek 6-10 éves korosztály;mesekonyvek 610 eves korosztaly;Ifjúsági irodalom;Gyermek
Általános sporttörténet, évkönyvek;altalanos sporttortenet evkonyvek;Szabadidő;Sport
Gyermekeink egészsége;gyermekeink egeszsege;Életmód;Szülők
Romantikus regények;romantikus regenyek;Szépirodalom;Romantikus
Szállítás-hírközlés;szallitashirkozles;Ismeretterjesztés és tudományok;
Parapsicología, Ocultismo;parapsicologia ocultismo;Spanyol;
Fables, Légende;fables legende;Spanyol;
Slavic Linguistics;slavic linguistics;Angol;
Heimwerken, Do it yourself;heimwerken do it yourself;Angol;
Cuisine Diététique;cuisine dietetique;Francia;
Thriller;thriller;Szépirodalom;Thriller és Horror
Útikönyvek;utikonyvek;Ismeretterjesztés és tudományok;
Informatika;informatika;Ismeretterjesztés és tudományok;Informatika és technológia
József Attila;jozsef attila;Szépirodalom;Versek
Egynyelvű;egynyelvu;Nyelvészet és oktatás;
Opera, operett;opera operett;Művészetek;
Ausztrália, Óceánia;ausztralia oceania;Ismeretterjesztés és tudományok;Földrajz
Hegedű;hegedu;Művészetek;Zene
Ének;enek;Művészetek;Zene
Zongora;zongora;Művészetek;Zene
Kifestők, foglalkoztatók;kifestok foglalkoztatok;Ifjúsági irodalom;Gyermek
Életmód, egészség;eletmod egeszseg;Életmód;Egészséges életmód
Complete Editions;complete editions;Angol;
Extrém sportok;extrem sportok;Szabadidő;Sport
Geológia;geologia;Ismeretterjesztés és tudományok;
Közép- és Dél-Amerika;kozep es delamerika;Ismeretterjesztés és tudományok;
Latin;latin;Nyelvészet és oktatás;
Neveléstudomány;nevelestudomany;Ismeretterjesztés és tudományok;Pedagógia
Numizmatika;numizmatika;Ismeretterjesztés és tudományok;Matematika
Művészet, design;muveszet design;Művészetek;Divat
Ady Endre;ady endre;Szépirodalom;Versek
Modern művészet;modern muveszet;Művészetek;
Állam-, jogtudomány;allam jogtudomany;Társadalomtudomány;Jog
Természettudomány;termeszettudomany;Ismeretterjesztés és tudományok;Természet
Oktatói-pedagógia;oktatoipedagogia;Ismeretterjesztés és tudományok;Pedagógia
Sarkvidékek, tengerek;sarkvidekek tengerek;Ismeretterjesztés és tudományok;Földrajz
Beszédjavító;beszedjavito;Nyelvészet és oktatás;
Gazdaság és jog az EU-ban;gazdasag es jog az euban;Társadalomtudomány;Jog
Ausztrália;ausztralia;Ismeretterjesztés és tudományok;Földrajz
Hangszerek;hangszerek;Művészetek;Zene
Embertan;embertan;Ismeretterjesztés és tudományok;Biológia
Ipari képesítések;ipari kepesitesek;Ismeretterjesztés és tudományok;
Történelmi regények;tortenelmi regenyek;Szépirodalom;
Amerika;amerika;Ismeretterjesztés és tudományok;Földrajz
Gazdaság-igazgatás;gazdasagigazgatas;Üzlet és gazdaság;
Matematikatörténet, kézikönyvek;matematikatortenet kezikonyvek;Ismeretterjesztés és tudományok;Matematika
Felnőtt színezők;felnott szinezok;Művészet;Rajz és festészet
Vallás;vallas;Vallás és spiritualitás;
Román kor;roman kor;Történelem;
Vegetáriánus;vegetarianus;Életmód;
Lakberendezés, belsőépítészet;lakberendezes belsoepiteszet;Ismeretterjesztés és tudományok;
Pszichológia;pszichologia;Társadalomtudomány;Pszichológia
Iskolai;iskolai;Nyelvészet és oktatás;
Középsúlyos fogy;kozepsulyos fogy;Életmód;
Geometria;geometria;Ismeretterjesztés és tudományok;
Nyelvtan;nyelvtan;Nyelvészet és oktatás;
Madarak;madarak;Ismeretterjesztés és tudományok;Természet
Filozófia, történelem;filozofia tortenelem;Társadalomtudomány;Filozófia
Hittankönyv;hittankonyv;Vallás és spiritualitás;
Földrajz, földtudomány;foldrajz foldtudomany;Ismeretterjesztés és tudományok;Földrajz
Mikrobiológia;mikrobiologia;Ismeretterjesztés és tudományok;Biológia
Kerékpározás;kerekparozas;Szabadidő;Sport
Kisbabák és kismamák;kisbabak es kismamak;Életmód;Szülők
Modellezés;modellezes;Ismeretterjesztés és tudományok;
Káros szenvedélyek, függőség;karos szenvedelyek fuggoseg;Ismeretterjesztés és tudományok;
Felvételi, nyelvvizsga;felveteli nyelvvizsga;Nyelvészet és oktatás;
Gesamtausgaben;gesamtausgaben;Német;
Macska;macska;Ismeretterjesztés és tudományok;Természet
Barkácsolás;barkacsolas;Ismeretterjesztés és tudományok;
Petőfi Sándor;petofi sandor;Szépirodalom;Versek
Sport, szabadidő;sport szabadido;Szabadidő;Sport
Dictionaries;dictionaries;Angol;
Hálózat;halozat;Ismeretterjesztés és tudományok;Informatika és technológia
Algebra;algebra;Ismeretterjesztés és tudományok;Matematika
Magyar városok;magyar varosok;Ismeretterjesztés és tudományok;
Számítástechnika;szamitastechnika;Ismeretterjesztés és tudományok;Informatika és technológia
Kártyajátékok;kartyajatekok;Szabadidő;
Adatbázis;adatbazis;Ismeretterjesztés és tudományok;Informatika és technológia
Felsőoktatás;felsooktatas;Ismeretterjesztés és tudományok;Pedagógia
Biológia;biologia;Ismeretterjesztés és tudományok;Biológia
Gitár;gitar;Művészetek;Zene
Harmonika;harmonika;Művészetek;Zene
Enyhén értelmi fogy;enyhen ertelmi fogy;Ismeretterjesztés és tudományok;Pedagógia
Biztonság;biztonsag;Ismeretterjesztés és tudományok;
Köretek, tészták;koretek tesztak;Életmód;Gasztronómia
Rajz, vizuális kultúra;rajz vizualis kultura;Művészetek;Rajz és festészet
Számítástechnikai;szamitastechnikai;Ismeretterjesztés és tudományok;Informatika és technológia
Megyetérképek, régiók;megyeterkepek regiok;Ismeretterjesztés és tudományok;Földrajz
Divat, textil, szőnyeg;divat textil szonyeg;Művészetek;Divat
English Literary Studies;english literary studies;Angol;
Reneszánsz;reneszansz;Történelem;
Művészettörténet;muveszettortenet;Művészetek;
Historizmus;historizmus;Történelem;
Könyvészet;konyveszet;Ismeretterjesztés és tudományok;
Szexuálpszichológia;szexualpszichologia;Ismeretterjesztés és tudományok;Pszichológia
Általános iskola;altalanos iskola;Nyelvészet és oktatás;
Szakmai nyelvkönyvek;szakmai nyelvkonyvek;Nyelvészet és oktatás;
Technika, életvitel;technika eletvitel;Életmód;Önfejlesztő
Further Literary Studies;further literary studies;Angol;
Kötelező olvasmányok;kotelezo olvasmanyok;Nyelvészet és oktatás;
Médiaismeret;mediaismeret;Ismeretterjesztés és tudományok;Média
Ezotéria;ezoteria;Vallás és spiritualitás;
Próza;proza;Szépirodalom;
Sajtok, sajt- és tojásételek;sajtok sajt es tojasetelek;Életmód;Gasztronómia
Arbeit, Interessenvertretung;arbeit interessenvertretung;Német;
Egyetemes festészet;egyetemes festeszet;Művészetek;Rajz és festészet
Történelem, régészet;tortenelem regeszet;Történelem;
Társadalomismeret;tarsadalomismeret;Társadalomtudomány;
Nyelvtudomány;nyelvtudomany;Nyelvészet és oktatás;
Vendégvárás, tálalás;vendegvaras talalas;Életmód;Gasztronóm
Könnyített olvasmányok;konnyitett olvasmanyok;Szépirodalom;
Őskor és ókor;oskor es okor;Történelem;
Balett, tánc;balett tanc;Művészetek;Tánc
Siketek;siketek;Egyéb;
Főiskola, egyetem;foiskola egyetem;Nyelvészet és oktatás;
Szakácskönyvek;szakacskonyvek;Életmód;Gasztronómia
Ötvösművészet;otvosmuveszet;Szabadidő;Kézművesség
Versek;versek;Szépirodalom;Versek
Magyar történelem;magyar tortenelem;Történelem;Magyarság
Iszlám;iszlam;Vallás és spiritualitás;Iszlám
Bélyeggyűjtés;belyeggyujtes;Egyéb;
Útleírások;utleirasok;Ismeretterjesztés és tudományok;Földrajz
Térképek, atlaszok;terkepek atlaszok;Ismeretterjesztés és tudományok;Földrajz
Szépirodalom;szepirodalom;Szépirodalom;
Minikönyv;minikonyv;Szépirodalom;
Szórakoztató irodalom;szorakoztato irodalom;Szépirodalom;
Művelődés;muvelodes;Ismeretterjesztés és tudományok;
Egyetemes műv.történet;egyetemes muvtortenet;Ismeretterjesztés és tudományok;
Társadalombiztosítás;tarsadalombiztositas;Üzlet és gazdaság;
Bútor, fa;butor fa;Ismeretterjesztés és tudományok;Természet
Levesek, előételek;levesek eloetelek;Életmód;Gasztronómia
Allergia;allergia;Ismeretterjesztés és tudományok;
Görög művészet;gorog muveszet;Művészetek;
Karácsonyi könyvek;karacsonyi konyvek;Szépirodalom;
Kórus;korus;Művészetek;Zene
Testépítés;testepites;Szabadidő;Sport
Gordonka;gordonka;Egyéb;
Észak-Amerika;eszakamerika;Ismeretterjesztés és tudományok;Földrajz
Művészetek;muveszetek;Művészetek;
Etológia;etologia;Társadalomtudomány;
Világtörténelem;vilagtortenelem;Történelem;
Holland;holland;Ismeretterjesztés és tudományok;
Szólamanyag;szolamanyag;Művészetek;Zene
Szakmai nyelv;szakmai nyelv;Ismeretterjesztés és tudományok;
Egyéb adathordozók;egyeb adathordozok;Egyéb;
Lexikon, enciklopédia;lexikon enciklopedia;Ismeretterjesztés és tudományok;
Római művészet;romai muveszet;Művészetek;
Fuvola;fuvola;Művészetek;Zene
Kispartitúra;kispartitura;Művészetek;Zene
Őslénytan;oslenytan;Ismeretterjesztés és tudományok;Biológia
Házépítés, felújítás;hazepites felujitas;Ismeretterjesztés és tudományok;Építészet
Ókori filozófia;okori filozofia;Társadalomtudomány;Filozófia
18. század előtti;18 szazad elotti;Történelem;
Számelmélet;szamelmelet;Ismeretterjesztés és tudományok;Matematika
Óra;ora;Egyéb;
Kétnyelvű könyvek;ketnyelvu konyvek;Nyelvészet és oktatás;
Mesekönyvek;mesekonyvek;Ifjúsági irodalom;Gyermek
Színművek;szinmuvek;Egyéb;
Ifjúsági regények és elbeszélések;ifjusagi regenyek es elbeszelesek;Ifjúsági irodalom;
Festészet;festeszet;Művészetek;Rajz és festészet
Klasszicizmus;klasszicizmus;Történelem;
Harsona;harsona;Művészetek;Zene
Kenyérsütés, mikrohullámú sütés, római tál, wok;kenyersutes mikrohullamu sutes romai tal wok;Életmód;Gasztronómia
Controlling;controlling;Üzlet és gazdaság;
Háztartási képzés;haztartasi kepzes;Ismeretterjesztés és tudományok;
Social Work;social work;Angol;
Óvoda;ovoda;Ifjúsági irodalom;Gyermek
Gyermekkönyvek;gyermekkonyvek;Ifjúsági irodalom;Gyermek
Virágkötészet, bonsai;viragkoteszet bonsai;Ismeretterjesztés és tudományok;Természet
Francia nyelvű könyvek;francia nyelvu konyvek;Nyelvészet és oktatás;Francia
Olasz nyelvű könyvek;olasz nyelvu konyvek;Nyelvészet és oktatás;Olasz
Spanyol nyelvű könyvek;spanyol nyelvu konyvek;Nyelvészet és oktatás;Spanyol
Humoros, Szatíra;humoros szatira;Szabadidő;Humor
Klarinét;klarinet;Művészetek;Zene
Fitness, Aerobic, Gymnastics;fitness aerobic gymnastics;Angol;
Partitúra;partitura;Művészetek;Zene
Enciklopédia, lexikon;enciklopedia lexikon;Ismeretterjesztés és tudományok;
Erotikus;erotikus;Szépirodalom;Erotika
Helytörténet;helytortenet;Történelem;
Riport, publicisztika;riport publicisztika;Antalógia;
Brácsa;bracsa;Művészetek;Zene
Mesék;mesek;Ifjúsági irodalom;Zene
Kult;kult;Egyéb;
Magyar sorozatok;magyar sorozatok;Ifjúsági irodalom;
TV-sorozatok;tvsorozatok;Egyéb;
Horror;horror;Szépirodalom;Thriller és horror
Ifjúsági;ifjusagi;Ifjúsági irodalom;
Klasszikus thriller;klasszikus thriller;Szépirodalom;Thriller és horror
Vígjátékok;vigjatekok;Egyéb;
Animációs;animacios;Egyéb;
Fitness;fitness;Szabadidő;Sport
Vallási;vallasi;Vallás és spiritualitás;
Portugál nyelvű könyvek;portugal nyelvu konyvek;Nyelvészet és oktatás;Portugál
Szerb nyelvű könyvek;szerb nyelvu konyvek;Nyelvészet és oktatás;Szerb
Folklore;folklore;Angol;
Beethoven;beethoven;Művészetek;Zene
Lengyel nyelvű könyvek;lengyel nyelvu konyvek;Nyelvészet és oktatás;Lengyel
Irodalomtörténet;irodalomtortenet;Nyelvészet és oktatás;
Orvostudományok;orvostudomanyok;Ismeretterjesztés és tudományok;Orvoslás
Nemzetközi előadók;nemzetkozi eloadok;Egyéb;
Metal, Hard Rock;metal hard rock;Egyéb;
Hazai előadók;hazai eloadok;Egyéb;
Pop-rock;poprock;Egyéb;
Filmzene;filmzene;Egyéb;
Népzene, világzene;nepzene vilagzene;Egyéb;
Mese, gyermeklemez;mese gyermeklemez;Egyéb;
Kosztümös;kosztumos;Egyéb;
Útifilm;utifilm;Egyéb;
Zenés filmek;zenes filmek;Egyéb;
Dráma;drama;Szépirodalom;Dráma
Dokumentum;dokumentum;Egyéb;
80' előtt;80 elott;Egyéb;
Discovery;discovery;Egyéb;
DreamWorks;dreamworks;Egyéb;
II. Világháború;ii vilaghaboru;Egyéb;
Klasszikus akciófilmek;klasszikus akciofilmek;Egyéb;
További filmjeink;tovabbi filmjeink;Egyéb;
Űrsci-fi;urscifi;Egyéb;
Musical;musical;Egyéb;
Életrajzi;eletrajzi;Egyéb;
2015 előtt;2015 elott;Egyéb;
Gyermek és ifjúsági;gyermek es ifjusagi;Egyéb;
Romantikus vígjátékok;romantikus vigjatekok;Egyéb;
Kaland;kaland;Egyéb;
Gengszter;gengszter;Egyéb;
24;24;Egyéb;
Zenés;zenes;Egyéb;
Filmklasszikusok;filmklasszikusok;Egyéb;
Mulatós, magyar nóta;mulatos magyar nota;Egyéb;
Meditáció;meditacio;Egyéb;
Jazz, blues;jazz blues;Egyéb;
Dance;dance;Egyéb;
További naptárak;tovabbi naptarak;Egyéb;
Vers, próza, kabaré;vers proza kabare;Egyéb;
Ifjúsági-és gyermekirodalom;ifjusagies gyermekirodalom;Egyéb;
Régi magyar filmek;regi magyar filmek;Egyéb;
BBC;bbc;Egyéb;
Természet;termeszet;Egyéb;
Európai művészfilmek;europai muveszfilmek;Egyéb;
Cseh nyelvű könyvek;cseh nyelvu konyvek;Nyelvészet és oktatás;Cseh
Lett nyelvű könyvek;lett nyelvu konyvek;Nyelvészet és oktatás;Lett
Észt nyelvű könyvek;eszt nyelvu konyvek;Nyelvészet és oktatás;Észt
Litván nyelvű könyvek;litvan nyelvu konyvek;Nyelvészet és oktatás;Litván
Szlovák nyelvű könyvek;szlovak nyelvu konyvek;Nyelvészet és oktatás;Szlovák
Szandálos filmek;szandalos filmek;Egyéb;
Holland nyelvű könyvek;holland nyelvu konyvek;Nyelvészet és oktatás;Holland
DVD, DVD-ROM;dvd dvdrom;Egyéb;
Oktató;oktato;Nyelvészet és oktatás;
Olvasólámpácskák könyvhöz;olvasolampacskak konyvhoz;Egyéb;
Nagyító, flexibilis nagyító;nagyito flexibilis nagyito;Egyéb;
e-könyv-olvasók;ekonyvolvasok;Egyéb;
2014-es naptárak;2014es naptarak;Egyéb;
2016-os naptárak;2016os naptarak;Egyéb;
2018-as naptárak;2018as naptarak;Egyéb;
Klasszikus romantikus filmek;klasszikus romantikus filmek;Egyéb;
Könyvadaptáció;konyvadaptacio;Egyéb;
Marvel;marvel;Egyéb;
2015 után;2015 utan;Egyéb;
Francia vígjátékok;francia vigjatekok;Egyéb;
Anime;anime;Egyéb;
Fejlesztő;fejleszto;Egyéb;
Doktor House;doktor house;Egyéb;
Katasztrófafilm;katasztrofafilm;Egyéb;
Amerikai western;amerikai western;Egyéb;
Egészséges táplákozás, diétáskönyvek;egeszseges taplakozas dietaskonyvek;Egyéb;
Művészlapok, festmény, reprodukciók;muveszlapok festmeny reprodukciok;Egyéb;
Grafikai lapok;grafikai lapok;Egyéb;
Üdvözlőlap, ünnepek;udvozlolap unnepek;Egyéb;
Politika, propaganda;politika propaganda;Egyéb;
Mai Magyarország;mai magyarorszag;Egyéb;
Gótika;gotika;Történelem;
2022-es naptárak;2022es naptarak;Egyéb;
Társasjátékok;tarsasjatekok;Egyéb;
Háborús filmek;haborus filmek;Egyéb;
Postapokaliptikus filmek;postapokaliptikus filmek;Egyéb;
2021-es naptárak;2021es naptarak;Egyéb;
Asztali naptár;asztali naptar;Egyéb;
Elektronikus;elektronikus;Egyéb;
Mulatós;mulatos;Egyéb;
Magyar filmek;magyar filmek;Egyéb;
Egészség és gasztronómia;egeszseg es gasztronomia;Egyéb;
Grace klinika;grace klinika;Egyéb;
Angol humor;angol humor;Egyéb;
90-es;90es;Egyéb;
Magyarország története;magyarorszag tortenete;Egyéb;
Várandósság és szülés;varandossag es szules;Egyéb;
Erotikus filmek;erotikus filmek;Egyéb;
Disney;disney;Egyéb;
I. Világháború;i vilaghaboru;Egyéb;
Kabaré;kabare;Egyéb;
Furulya;furulya;Művészetek;Zene
Tankönyv családok;tankonyv csaladok;Nyelvészet és oktatás;
Geometrie;geometrie;Francia;
Svéd;sved;Egyéb;
Üveg;uveg;Egyéb;
Medicine, Pharmacy;medicine pharmacy;Angol;
Ókortudomány;okortudomany;Történelem;
Szecesszió;szecesszio;Történelem;
Mineralogy;mineralogy;Angol;
Animal Stories;animal stories;Angol;
Osztályfőnöki;osztalyfonoki;Ismeretterjesztés és tudományok;Pedagógia
Hobby, Miscellaneous;hobby miscellaneous;Angol;
Recreational Hunting, Fishing, Animals;recreational hunting fishing animals;Angol;
Édition Compléte;edition complete;Francia;
Collectors' Catalogues;collectors catalogues;Angol;
Játék;jatek;Egyéb;
Befőzés, tartósítás;befozes tartositas;Egyéb;
Biografii, memorii, jurnale;biografii memorii jurnale;Életrajzi;
Publicistica si jurnalism;publicistica si jurnalism;Antalógia;
Sociologie, antropologie;sociologie antropologie;Társadalomtudomány;
Poezie;poezie;Szépirodalom;Versek
Carti ilustrate, interactive;carti ilustrate interactive;Ifjúsági irodalom;Gyermek
Economie;economie;Üzlet és gazdaság;
Culinare;culinare;Életmód;Gasztronómia
Eseistica;eseistica;Szépirodalom;Esszé
Hobby-uri;hobbyuri;Szabadidő;
Young adult;young adult;Ifjúsági irodalom;
Fictiuni, povestioare;fictiuni povestioare;Szépirodalom;
Sanatate, dezvoltare personala;sanatate dezvoltare personala;Életmód;Önfejlesztő
Istorie generala;istorie generala;Történelem;
Clasici;clasici;Szépirodalom;Klasszikus
Dezvoltare personala;dezvoltare personala;Életmód;Önfejlesztő
Raftul autorilor români;raftul autorilor romani;Román szerzők;
Filosofie populara;filosofie populara;Társadalomtudomány;Filozófia
Lumea naturii, animale;lumea naturii animale;Ismeretterjesztés és tudományok;Természet
Dictionare;dictionare;Nyelvészet és oktatás;Szótár
Audiobooks;audiobooks;Egyéb;Hangoskönyv
Romane ilustrate;romane ilustrate;Szépirodalom;
Moderni, contemporani;moderni contemporani;Kortárs;
Crestinism;crestinism;Vallás és spiritualitás;Kereszténység
Istorie si critica;istorie si critica;Történelem;
Pictura, grafica, alte forme artistice;pictura grafica alte forme artistice;Művészetek;Rajz és festészet
Fantasy;fantasy;Szépirodalom;Fantasy
Thriller, horror;thriller horror;Szépirodalom;Thriller és horror
Alte forme de medicina;alte forme de medicina;Ismeretterjesztés és tudományok;Orvoslás
Inteligenta emotionala;inteligenta emotionala;Életmód;Önfejlesztő
Enciclopedii;enciclopedii;Ismeretterjesztés és tudományok;
Piese de teatru, scenarii;piese de teatru scenarii;Egyéb;
Minte, corp, spirit;minte corp spirit;Életmód;Önfejlesztő
Aventura;aventura;Szépirodalom;Kaland
Filosofie non-occidentala;filosofie nonoccidentala;Társadalomtudomány;Filozófia
Romance;romance;Szépirodalom;Romantikus
Psihologie;psihologie;Társadalomtudomány;Pszichológia
Raftul Brand Minds;raftul brand minds;Üzlet és gazdaság;
Relatii internationale;relatii internationale;Társadalomtudomány;Nemzetközi kapcsolatok
Muzica;muzica;Művészetek;Zene
Psihologia varstelor si a sexelor;psihologia varstelor si a sexelor;Társadalomtudomány;Pszichológia
Proza scurta, altele;proza scurta altele;Szépirodalom;
SF;sf;Szépirodalom;Sci-fi
Istoria filosofiei occidentale;istoria filosofiei occidentale;Történelem;
Carte;carte;;
Drept civil;drept civil;Társadalomtudomány;Jog
Estetica;estetica;Művészet;Divat
Psihologia sociala si de grup;psihologia sociala si de grup;Társadalomtudomány;Pszichológia
Enciclopedii, dictionare, atlase;enciclopedii dictionare atlase;Ismeretterjesztés és tudományok;
Metafizica si ontologie;metafizica si ontologie;Ismeretterjesztés és tudományok;
Istorie;istorie;Történelem;
Stima de sine, incredere si motivatie;stima de sine incredere si motivatie;Életmód;Önfejlesztő
Tehnici de management;tehnici de management;Üzlet és gazdaság;Menedzsment
Istoria romanilor;istoria romanilor;Történelem;
Filosofie;filosofie;Társadalomtudomány;Filozófia
Istoria stiintei si generalitati;istoria stiintei si generalitati;Történelem;
Fictiune;fictiune;Szépirodalom;Fantasy
Business;business;Üzlet és gazdaság;Vállalkozás
Epistemologie, teoria cunoasterii;epistemologie teoria cunoasterii;Társadalomtudomány;Filozófia
Casa, gradina, familie;casa gradina familie;Ismeretterjesztés és tudományok;Természet
Psihologia copilului si dezvoltarii;psihologia copilului si dezvoltarii;Társadalomtudomány;Pszichológia
Materiale educationale;materiale educationale;Nyelvészet és oktatás;
Relatia de cuplu;relatia de cuplu;Életmód;Önfejlesztő
Lifestyle, sport, timp liber;lifestyle sport timp liber;Életmód;
Matematica;matematica;Ismeretterjesztés és tudományok;Matematika
Teorie generala, scoli;teorie generala scoli;Társadalomtudomány;Filozófia
Preclinic: anatomie, fiziologie;preclinic anatomie fiziologie;Ismeretterjesztés és tudományok;Orvoslás
Arta, arhitectura;arta arhitectura;Ismeretterjesztés és tudományok;Építészet
Citit de Scena9;citit de scena9;Egyéb;
Arhitectura;arhitectura;Ismeretterjesztés és tudományok;Építészet
Istoria artei;istoria artei;Művészet;
Astrologie;astrologie;Ismeretterjesztés és tudományok;Földrajz
Parenting;parenting;Életmód;Szülők
Tehnologie: generalitati;tehnologie generalitati;Ismeretterjesztés és tudományok;
Fitness si dieta;fitness si dieta;Életmód;Egészséges életmód
Generalitati, istoria religiilor;generalitati istoria religiilor;Történelem;
Poezii, antologii;poezii antologii;Versek;
Finante si contabilitate;finante si contabilitate;Üzlet és gazdaság;Pénzügy
Drept penal;drept penal;Társadalomtudomány;Jog
Mindfulness;mindfulness;Életmód;
Eu, ego, identitate, personalitate;eu ego identitate personalitate;Életmód;Önfejlesztő
Obiceiuri si stil de viata;obiceiuri si stil de viata;Életmód;
Psihoterapie;psihoterapie;Társadalomtudomány;Pszichológia
Crime, mister;crime mister;Szépirodalom;Krimi
Filosofia mintii;filosofia mintii;Társadalomtudomány;Filozófia
Psihiatrie, psihologie clinica, terapii;psihiatrie psihologie clinica terapii;Társadalomtudomány;Pszichológia
Psihologia ocupationala;psihologia ocupationala;Társadalomtudomány;Pszichológia
Dans, performing arts;dans performing arts;Művészetek;Tánc
Psihologia cognitiva;psihologia cognitiva;Társadalomtudomány;Pszichológia
Educatie;educatie;Nyelvészet és oktatás;
Carti de colorat pentru copii;carti de colorat pentru copii;Ifjúsági irodalom;Gyermek
Istoria Europei;istoria europei;Történelem;
Studii culturale;studii culturale;Társadalomtudomány;
Calatorii;calatorii;Szabadidő;
Filosofie social-politica;filosofie socialpolitica;Társadalomtudomány;Filozófia
Psihologia familiei;psihologia familiei;Társadalomtudomány;Pszichológia
Antologii;antologii;Antalógia;
Pentru prieteni;pentru prieteni;Egyéb;
Istorie universala;istorie universala;Történelem;
Islam;islam;Vallás és spiritualitás;Iszlám
Fictiune mitologica si istorica;fictiune mitologica si istorica;Szépirodalom;
Rafturi alese;rafturi alese;Egyéb;
Filosofia limbajului;filosofia limbajului;Társadalomtudomány;Filozófia
Arta comerciala si industriala;arta comerciala si industriala;Üzlet és gazdaság;
Drept;drept;Társadalomtudomány;Jog
Benzi desenate;benzi desenate;Egyéb;
Numerologie;numerologie;Ismeretterjesztés és tudományok;Matematika
Stiinte sociale. Politica;stiinte sociale politica;Társadalomtudomány;Politika
Astronomie, spatiu, timp;astronomie spatiu timp;Ismeretterjesztés és tudományok;
Istorie economica;istorie economica;Történelem;
Inteligenta emotionala copii;inteligenta emotionala copii;Ismeretterjesztés és tudományok;Pedagógia
In cautarea fericirii;in cautarea fericirii;Életmód;Önfejlesztő
Despre creier si gandire;despre creier si gandire;Életmód;Önfejlesztő
Teorie generala, jurisprudenta;teorie generala jurisprudenta;Társadalomtudomány;Filozófia
Invatarea limbilor straine;invatarea limbilor straine;Nyelvészet és oktatás;
Poezie, teatru, studii literare;poezie teatru studii literare;Antalógia;
Lingvistica;lingvistica;Nyelvészet és oktatás;
Fotografie;fotografie;Ismeretterjesztés és tudományok;Média
Medicina complementara;medicina complementara;Ismeretterjesztés és tudományok;Orvoslás
Pentru copii, adolescenti;pentru copii adolescenti;Ifjúsági irodalom;Gyermek
Drept social;drept social;Társadalomtudomány;Jog
Drept comercial;drept comercial;Társadalomtudomány;Jog
Alte reviste;alte reviste;Egyéb;
Antreprenoriat;antreprenoriat;Üzlet és gazdaság;Vállalkozás
Creative writing;creative writing;Nyelvészet és oktatás;
Cartomantie, alte preziceri;cartomantie alte preziceri;Egyéb;
Medicina naturista, ingrijire;medicina naturista ingrijire;Ismeretterjesztés és tudományok;Orvoslás
Cărți recomandate de Adriana Mitu;carti recomandate de adriana mitu;Egyéb;
Gramatica;gramatica;Nyelvészet és oktatás;
Istorii secrete;istorii secrete;Történelem;
Fictiune erotica;fictiune erotica;Szépirodalom;Erotika
Istorie militara, aparare;istorie militara aparare;Történelem;
Familie, sanatate;familie sanatate;Életmód;
Metodologie, testare;metodologie testare;Ismeretterjesztés és tudományok;
Folk/Country;folkcountry;Egyéb;
Legislatia muncii;legislatia muncii;Társadalomtudomány;Jog
Muzeologie;muzeologie;Ismeretterjesztés és tudományok;
Teatru;teatru;Egyéb;
Criminologie;criminologie;Szépirodalom;Krimi
Aspecte generale;aspecte generale;Egyéb;
Ghiduri si harti turistice, atlase;ghiduri si harti turistice atlase;Ismeretterjesztés és tudományok;
Filosofia stiintei;filosofia stiintei;Társadalomtudomány;Filozófia
Natura si mediu;natura si mediu;Ismeretterjesztés és tudományok;Természet
Biologie;biologie;Ismeretterjesztés és tudományok;Természet
Drept financiar;drept financiar;Társadalomtudomány;Jog
Alte religii si credinte;alte religii si credinte;Vallás és spiritualitás;
Medicina;medicina;Ismeretterjesztés és tudományok;Orvoslás
Ghiduri si referinte;ghiduri si referinte;Ismeretterjesztés és tudományok;
Carte straina;carte straina;Világirodalom;
Navigatie;navigatie;Ismeretterjesztés és tudományok;Földrajz
Terapii complementare;terapii complementare;Társadalomtudomány;Pszichológia
Drept international;drept international;Társadalomtudomány;Jog
Sport si recreere;sport si recreere;Szabadidő;Sport
Religie;religie;Vallás és spiritualitás;
Neuropsihologie, biopsihologie;neuropsihologie biopsihologie;Társadalomtudomány;Pszichológia
Obiecte decorative;obiecte decorative;Egyéb;
Turism si calatorii;turism si calatorii;Ismeretterjesztés és tudományok;
Rock;rock;Egyéb;
Istoria limbajului;istoria limbajului;Történelem;
Politologie si guvernare;politologie si guvernare;Társadalomtudomány;Politika
Umor;umor;Szabadidő;Humor
Dezvoltare personala adolescenti;dezvoltare personala adolescenti;Életmód;Önfejlesztő
Marketing si comunicare;marketing si comunicare;Üzlet és gazdaság;Marketing
Comunicare si persuasiune;comunicare si persuasiune;Életmód;Önfejlesztő
Publicitate si media;publicitate si media;Ismeretterjesztés és tudományok;Média
Medicina clinica si interna;medicina clinica si interna;Ismeretterjesztés és tudományok;Orvoslás
Film, TV, radio;film tv radio;Ismeretterjesztés és tudományok;Média
Mediu si ecologie;mediu si ecologie;Ismeretterjesztés és tudományok;Természet
Psihologia emotiilor;psihologia emotiilor;Társadalomtudomány;Pszichológia
Clasa a XII-a - Limba si literatura romana;clasa a xiia  limba si literatura romana;Nyelvészet és oktatás;Iskola
Marketing si vanzari;marketing si vanzari;Üzlet és gazdaság;Marketing
Proprietate intelectuala;proprietate intelectuala;Ismeretterjesztés és tudományok;
Retele si comunicatii;retele si comunicatii;Ismeretterjesztés és tudományok;Informatika és technológia
Folk;folk;Egyéb;
Teoria artei;teoria artei;Művészetek;
Ocultism si ezoterism;ocultism si ezoterism;Vallás és spiritualitás;
Buddhism;buddhism;Vallás és spiritualitás;Buddhizmus
Ingrijire si asistenta;ingrijire si asistenta;Ismeretterjesztés és tudományok;Orvoslás
Dreptul familiei;dreptul familiei;Társadalomtudomány;Jog
Romania;romania;Egyéb;
Auto, transport, deplasare;auto transport deplasare;Ismeretterjesztés és tudományok;
Logica;logica;Társadalomtudomány;
Medicina sportiva;medicina sportiva;Ismeretterjesztés és tudományok;Orvoslás
Business si economie;business si economie;Üzlet és gazdaság;
Clasa a II-a - Limba si literatura romana;clasa a iia  limba si literatura romana;Nyelvészet és oktatás;Iskola
Design interior;design interior;Művészet;Divat
Istoria mentalitatilor;istoria mentalitatilor;Történelem;
Drept constitutional;drept constitutional;Társadalomtudomány;Jog
Clasa a III-a - Limba si literatura romana;clasa a iiia  limba si literatura romana;Nyelvészet és oktatás;
Industria comunicarii;industria comunicarii;Ismeretterjesztés és tudományok;
Tricouri;tricouri;Egyéb;
Sugestii pentru combaterea plictiselii;sugestii pentru combaterea plictiselii;Egyéb;
Comics;comics;Egyéb;
Bibliografie scolara;bibliografie scolara;Nyelvészet és oktatás;
Romaneasca;romaneasca;Egyéb;
Etica si morala;etica si morala;Társadalomtudomány;Filozófia
Fenomene paranormale;fenomene paranormale;Egyéb;
Doctrine si partide politice;doctrine si partide politice;Társadalomtudomány;Politika
Studii interdisciplinare;studii interdisciplinare;Nyelvészet és oktatás;
Hinduism;hinduism;Vallás és spiritualitás;Hinduizmus
Psihologia criminalistica si legala;psihologia criminalistica si legala;Ismeretterjesztés és tudományok;Pszichológia
Lingvistica, dictionare;lingvistica dictionare;Nyelvészet és oktatás;Szótár
Stiintele Pamantului;stiintele pamantului;Ismeretterjesztés és tudományok;Természet
Inteligenta artificiala;inteligenta artificiala;Ismeretterjesztés és tudományok;Informatika és technológia
Fizica;fizica;Ismeretterjesztés és tudományok;Fizika
Jocuri de societate;jocuri de societate;Egyéb;
Alte tehnologii;alte tehnologii;Ismeretterjesztés és tudományok;Informatika és technológia
Agricultura;agricultura;Ismeretterjesztés és tudományok;Természet
Dreptul mediului, transport;dreptul mediului transport;Társadalomtudomány;Jog
Problemele tinerilor;problemele tinerilor;Életmód;Szülők
Hobby, jocuri;hobby jocuri;Szabadidő;
Prima pagina;prima pagina;Egyéb;
Tehnici de desen;tehnici de desen;Művészetek;Rajz és festészet
Lifestyle digital;lifestyle digital;Életmód;
Lifestyle, fashion;lifestyle fashion;Művészetek;Divat
Aparare nationala;aparare nationala;Ismeretterjesztés és tudományok;
Iudaism;iudaism;Vallás és spiritualitás;Judaizmus
Clasa I - Limba engleza;clasa i  limba engleza;Nyelvészet és oktatás;Iskola
Pop;pop;Egyéb;
Relatii publice;relatii publice;Társadalomtudomány;
Jocuri in limba romana;jocuri in limba romana;Egyéb;
Macmillan Education;macmillan education;Egyéb;
Auxiliare - Clasa a II-a;auxiliare  clasa a iia;Nyelvészet és oktatás;Iskola
Geografie;geografie;Ismeretterjesztés és tudományok;Földrajz
Clasa a VI-a - Geografie;clasa a via  geografie;Nyelvészet és oktatás;Iskola
Stiinte exacte. Matematici;stiinte exacte matematici;Ismeretterjesztés és tudományok;Matematika
Romantici;romantici;Szépirodalom;Romantikus
Farmacologie;farmacologie;Ismeretterjesztés és tudományok;Orvoslás
Blues;blues;Egyéb;
Programare, dezvoltare;programare dezvoltare;Ismeretterjesztés és tudományok;Informatika és technológia
Clasa a XII-a - Limba engleza;clasa a xiia  limba engleza;Nyelvészet és oktatás;Iskola
Lumanari;lumanari;Egyéb;
Computere si internet;computere si internet;Ismeretterjesztés és tudományok;Informatika és technológia
Raftul The Power of Storytelling;raftul the power of storytelling;Ismeretterjesztés és tudományok;Kommunikáció
Chimie;chimie;Ismeretterjesztés és tudományok;Kémia
Gradinita - Arte vizuale;gradinita  arte vizuale;Nyelvészet és oktatás;
Limbi straine;limbi straine;Nyelvészet és oktatás;
Electronica si comunicatii;electronica si comunicatii;Ismeretterjesztés és tudományok;Informatika és technológia
Antichitati, colectii;antichitati colectii;Egyéb;
Arheologie;arheologie;Ismeretterjesztés és tudományok;
Semiotica;semiotica;Ismeretterjesztés és tudományok;
Medicina veterinara;medicina veterinara;Ismeretterjesztés és tudományok;Orvoslás
Clasa a XI-a - Informatica si TIC;clasa a xia  informatica si tic;Nyelvészet és oktatás;Iskola
Opera;opera;Egyéb;
Atlase, harti, referinte geografice;atlase harti referinte geografice;Ismeretterjesztés és tudományok;Földrajz
Carti de colorat pentru adulti;carti de colorat pentru adulti;Egyéb;
Constructii;constructii;Ismeretterjesztés és tudományok;Építészet
Puzzle pentru copii;puzzle pentru copii;Egyéb;
Dance Pop;dance pop;Egyéb;
Clasa a V-a - Limba germana;clasa a va  limba germana;Nyelvészet és oktatás;Iskola
Clasa a XI-a - Sociologie;clasa a xia  sociologie;Nyelvészet és oktatás;Iskola
Various Artists;various artists;Egyéb;
Solo, instrumentala;solo instrumentala;Egyéb;
Electro;electro;Egyéb;
Alternative Rock;alternative rock;Egyéb;
Tehnica si tehnologie;tehnica si tehnologie;Ismeretterjesztés és tudományok;
Literatura;literatura;Szépirodalom;
Chirurgie;chirurgie;Ismeretterjesztés és tudományok;Orvoslás
Gradinita - Stiinte ale naturii;gradinita  stiinte ale naturii;Nyelvészet és oktatás;
Cambridge University Press;cambridge university press;Egyéb;
Jucarii diverse;jucarii diverse;Egyéb;
Actiune, aventuri;actiune aventuri;Szépirodalom;Kaland
Gradinita - Educatie civica;gradinita  educatie civica;Nyelvészet és oktatás;Iskola
Politica si diplomatie;politica si diplomatie;Társadalomtudomány;Politika
Stomatologie;stomatologie;Ismeretterjesztés és tudományok;Orvoslás
Clasa a VI-a - Biologie;clasa a via  biologie;Nyelvészet és oktatás;Iskola
Mecanica si stiinta materialelor;mecanica si stiinta materialelor;Ismeretterjesztés és tudományok;
Arta;arta;Művészetek;
Arts;arts;Művészetek;
Clasa a II-a - Matematica;clasa a iia  matematica;Nyelvészet és oktatás;Iskola
Raftul Harry Potter;raftul harry potter;Szépirodalom;Fantasy
Clasa a VIII-a - Limba si literatura romana;clasa a viiia  limba si literatura romana;Nyelvészet és oktatás;Iskola
Drama;drama;Szépirodalom;Dráma
Raftul LGBTQI;raftul lgbtqi;Egyéb;
Memorii Jurnal;memorii jurnal;Életrajzi;
Engleza;engleza;Világirodalom;Angol
Literatura Romana;literatura romana;Világirodalom;Román
Sociologie;sociologie;Társadalomtudomány;Szociológia
Beletristica Limbi Straine;beletristica limbi straine;Világirodalom;
Carte Ortodoxa;carte ortodoxa;Vallás és spiritualitás;
Istoria Romanilor;istoria romanilor;Történelem;
Romane de dragoste;romane de dragoste;Szépirodalom;Romantikus
Literatura contemporana;literatura contemporana;Kortárs;
Psihologie;psihologie;Társadalomtudomány;Pszichológia
Medicina;medicina;Ismeretterjesztés és tudományok;Orvoslás
Literatura Universala;literatura universala;Világirodalom;
SF & Fantasy;sf  fantasy;Szépirodalom;Sci-fi
Bucatarie;bucatarie;Életmód;Gasztronómia
Terapii Alternative;terapii alternative;Életmód;Önfejlesztő
Carti thriller;carti thriller;Szépirodalom;Thriller és horror
Bauturi;bauturi;Egyéb;
Istorie;istorie;Történelem;
Culegeri Auxiliare;culegeri auxiliare;Antalógia;
Magie;magie;Ismeretterjesztés és tudományok;
Arhitectura;arhitectura;Ismeretterjesztés és tudományok;Építészet
Atlase;atlase;Ismeretterjesztés és tudományok;Földrajz
Litere Critica Literara;litere critica literara;Antalógia;
Istorie Universala;istorie universala;Történelem;
Practic Pentru Copii;practic pentru copii;Ifjúsági irodalom;Gyermek
Diete;diete;Életmód;Gasztronómia
Dezvoltare Spirituala;dezvoltare spirituala;Életmód;Önfejlesztő
Cultura Generala;cultura generala;Történelem;
Civilizatii Mitologie;civilizatii mitologie;Történelem;
Plante Gradinarit;plante gradinarit;Ismeretterjesztés és tudományok;Természet
Poezie;poezie;Szépirodalom;Versek
Carte Prescolara;carte prescolara;Ifjúsági irodalom;Gyermek
Carti educative;carti educative;Ifjúsági irodalom;Gyermek
Litere Filologie;litere filologie;Nyelvészet és oktatás;
Arta;arta;Művészetek;
Carti copii in limbi straine;carti copii in limbi straine;Ifjúsági irodalom;Gyermek
Povesti;povesti;Ifjúsági irodalom;Gyermek
Medicina Pentru Toti;medicina pentru toti;Ismeretterjesztés és tudományok;Orvoslás
Desen Muzica Film Teatru;desen muzica film teatru;Egyéb;
Biografii;biografii;Életrajzi;
Litere Etnologie;litere etnologie;Társadalomtudomány;Néprajz
Atlase Enciclopedii;atlase enciclopedii;Ismeretterjesztés és tudományok;Földrajz
Filosofie Universala;filosofie universala;Társadalomtudomány;Filozófia
Animale Pasari;animale pasari;Ismeretterjesztés és tudományok;Természet
Comunicare Jurnalism;comunicare jurnalism;Antalógia;
Literatura americana;literatura americana;Világirodalom;Amerikai
Pedagogie Metodica;pedagogie metodica;Ismeretterjesztés és tudományok;Pedagógia
Ingineri;ingineri;Ismeretterjesztés és tudományok;
Parapsihologie;parapsihologie;Társadalomtudomány;Pszichológia
Carte Juridica;carte juridica;Társadalomtudomány;Jog
Legislatie;legislatie;Társadalomtudomány;Jog
Albume Romania;albume romania;Egyéb;
Comunicare Publicitate;comunicare publicitate;Történelem;
Dezvoltare Profesionala;dezvoltare profesionala;Életmód;Önfejlesztő
Paranormal;paranormal;Egyéb;
Crestinism;crestinism;Vallás és spiritualitás;Keresztény
Limbi Straine Copii;limbi straine copii;Ifjúsági irodalom;Gyermek
Minte Corp;minte corp;Életmód;
Romane gotice;romane gotice;Szépirodalom;
Miscellaneous;miscellaneous;Egyéb;
Franceza;franceza;Világirodalom;Francia
Literatura engleza;literatura engleza;Világirodalom;Angol
Politica;politica;Társadalomtudomány;Politika
Relatii Internationale;relatii internationale;Társadalomtudomány;Nemzetközi Kapcsolatok
Sport;sport;Szabadidő;Sport
Spiritualitate;spiritualitate;Vallás és spiritualitás;
Carti In Dar;carti in dar;Egyéb;
Germana;germana;Világirodalom;Német
Literatura japoneza;literatura japoneza;Világirodalom;Japán
Masaj Relaxare;masaj relaxare;Szabadidő;
Alimentatie Sanatate;alimentatie sanatate;Életmód;Gasztronómia
Istorii Secrete;istorii secrete;Történelem;
Astrologie;astrologie;Vallás és spiritualitás;
Sexualitate;sexualitate;Ismeretterjesztés és tudományok;Pszichológia
Carti Pentru Copii;carti pentru copii;Ifjúsági irodalom;Gyermek
Publicistica;publicistica;Antalógia;
Psihologie Practica;psihologie practica;Ismeretterjesztés és tudományok;Pszichológia
Diverse;diverse;Egyéb;
Italiana;italiana;Világirodalom;Olasz
Dezv Spirituala;dezv spirituala;Életmód;Önfejlesztő
Software;software;Ismeretterjesztés és tudományok;Informatika és technológia
Dictionare Romana;dictionare romana;Nyelvészet és oktatás;Szótár
Poezii;poezii;Szépirodalom;Versek
Filosofie Romaneasca;filosofie romaneasca;Társadalomtudomány;Filozófia
Nuvele;nuvele;Szépirodalom;Novella
Carti de aventura;carti de aventura;Szépirodalom;Kaland
Economie Politica;economie politica;Üzlet és gazdaság;
Genetica Biologie;genetica biologie;Ismeretterjesztés és tudományok;Biológia
Carti pentru adolescenti;carti pentru adolescenti;Ifjúsági irodalom;
Dezvoltarea Afacerilor;dezvoltarea afacerilor;Üzlet és gazdaság;Vállalkozás
Spaniola;spaniola;Világirodalom;Spanyol
Partituri Muzicale;partituri muzicale;Művészetek;Zene
Lifestyle;lifestyle;Életmód;
Religii Orientale;religii orientale;Vallás és spiritualitás;
Literatura clasica;literatura clasica;Szépirodalom;Klasszikus
Manuale Clasa 11;manuale clasa 11;Nyelvészet és oktatás;Iskola
Manuale Clasa 1;manuale clasa 1;Nyelvészet és oktatás;Iskola
Civilizatii;civilizatii;Történelem;
Ghid Turistic;ghid turistic;Ismeretterjesztés és tudományok;Földrajz
Teatru;teatru;Egyéb;
Stiinta si filosofie;stiinta si filosofie;Ismeretterjesztés és tudományok;
Arta Fotografica;arta fotografica;Ismeretterjesztés és tudományok;Média
Teste Psihometrice;teste psihometrice;Egyéb;
Literatura franceza;literatura franceza;Világirodalom;Francia
Sfaturi Practice;sfaturi practice;Életmód;Önfejlesztő
Carti cu activitati;carti cu activitati;Szabadidő;
Turism Mediu;turism mediu;Üzlet és gazdaság;
Harti;harti;Ismeretterjesztés és tudományok;Földrajz
Bricolaj;bricolaj;Egyéb;
Literatura Fantasy;literatura fantasy;Szépirodalom;Fantasy
Carti de colorat;carti de colorat;Egyéb;
Manuale Clasa 9;manuale clasa 9;Nyelvészet és oktatás;Iskola
Sarcina;sarcina;Egyéb;
Romane Nordic Noir;romane nordic noir;Szépirodalom;Krimi
Finante Banci;finante banci;Üzlet és gazdaság;Pénzügy
Geografie Topografie;geografie topografie;Ismeretterjesztés és tudományok;Földrajz
Eseistica;eseistica;Szépirodalom;Esszé
Literatura turca;literatura turca;Világirodalom;Török
Literatura portugheza;literatura portugheza;Világirodalom;Portugál
Romane istorice;romane istorice;Szépirodalom;
Educatie Psihologie;educatie psihologie;Társadalomtudomány;Pszichológia
Enciclopedii Copii;enciclopedii copii;Ifjúsági irodalom;Gyermek
Chiromantie;chiromantie;Egyéb;
Romane Fantasy;romane fantasy;Szépirodalom;Fantasy
Management;management;Üzlet és gazdaság;Menedzsment
Contabilitate;contabilitate;Üzlet és gazdaság;Pénzügy
Literatura ceha;literatura ceha;Világirodalom;Cseh
Citate;citate;Antalógia;
Reviste;reviste;Antalógia;
Literatura spaniola;literatura spaniola;Világirodalom;Spanyol
Kabala;kabala;Egyéb;
Fabule;fabule;Ifjúsági irodalom;Gyermek
Enciclopedii;enciclopedii;Ismeretterjesztés és tudományok;
Romane mitologice si istorice;romane mitologice si istorice;Szépirodalom;
Carti cu CD;carti cu cd;Egyéb;
Hardware;hardware;Ismeretterjesztés és tudományok;Informatika és technológia
Carti horror;carti horror;Szépirodalom;Thriller és horror
Carti de joc educative;carti de joc educative;Ifjúsági irodalom;Gyermek
Literatura poloneza;literatura poloneza;Nyelvészet és oktatás;Lengyel
Umor;umor;Szabadidő;Humor
Invatatura Ortodoxa;invatatura ortodoxa;Vallás és spiritualitás;Keresztény
Literatura chiliana;literatura chiliana;Világirodalom;Csillei
Carti 3D;carti 3d;Egyéb;
Literatura austriaca;literatura austriaca;Világirodalom;Osztrák
Clasa Pregatitoare;clasa pregatitoare;Nyelvészet és oktatás;Iskola
Carti cu abtibilduri;carti cu abtibilduri;Egyéb;
Statistica;statistica;Ismeretterjesztés és tudományok;Matematika
Literatura rusa;literatura rusa;Világirodalom;Orosz
Fictiune;fictiune;Szépirodalom;Fantasy
Marketing;marketing;Üzlet és gazdaság;Marketing
Jurnale;jurnale;Életrajzi;
Literatura canadiana;literatura canadiana;Világirodalom;Kanadai
Literatura germana;literatura germana;Világirodalom;Német
Calendare;calendare;Egyéb;
Carti politiste;carti politiste;Egyéb;
Caiete de Vacanta;caiete de vacanta;Egyéb;
Carti erotice;carti erotice;Szépirodalom;Erotika
Carti In Maghiara;carti in maghiara;Világirodalom;Magyar
Fotografie;fotografie;Ismeretterjesztés és tudományok;Média
Romane inspirate de Holocaust;romane inspirate de holocaust;Szépirodalom;
Literatura columbiana;literatura columbiana;Világirodalom;Kolumbiai
Numerologie;numerologie;Ismeretterjesztés és tudományok;Matematika
Dezvoltare Personala;dezvoltare personala;Életmód;Önfejlesztő
Literatura australiana;literatura australiana;Világirodalom;Ausztrál
Audiobook;audiobook;Egyéb;Hangoskönyv
Literatura italiana;literatura italiana;Világirodalom;Olasz
Carti;carti;;
Literatura finlandeza;literatura finlandeza;Világirodalom;Finn
Inteligenta emotionala;inteligenta emotionala;Életmód;Önfejlesztő
Tarot;tarot;Egyéb;
Maghiara;maghiara;Világirodalom;Magyar
Practic;practic;Életmód;
Meditative Arts;meditative arts;Művészetek;
Vise;vise;Egyéb;
Benzi Desenate;benzi desenate;Egyéb;
Psihologia relatiilor. Psihologia cuplului;psihologia relatiilor psihologia cuplului;Társadalomtudomány;Pszichológia
Legislatie Rutiera;legislatie rutiera;Társadalomtudomány;Jog
Semne De Carte;semne de carte;Egyéb;
Romane SF;romane sf;Szépirodalom;Sci-fi
Afaceri;afaceri;Üzlet és gazdaság;Vállalkozás
Beletristica;beletristica;Történelem;
Carti cu jucarie;carti cu jucarie;Egyéb;
Carti cu sunete;carti cu sunete;Egyéb;
Industrie Alimentara;industrie alimentara;Ismeretterjesztés és tudományok;
Cresterea Copilului;cresterea copilului;Életmód;Szülők
Literatura coreeana;literatura coreeana;Világirodalom;Koreai
Albumul Bebe;albumul bebe;Egyéb;
Carti bilingve;carti bilingve;Nyelvészet és oktatás;
Romane distopice;romane distopice;Szépirodalom;
General;general;Egyéb;
Design;design;Művészetek;Divat
Literatura norvegiana;literatura norvegiana;Világirodalom;Norvég
Literatura daneza;literatura daneza;Világirodalom;Dán
Accepta-te;acceptate;Életmód;Önfejlesztő
Literatura argentiniana;literatura argentiniana;Világirodalom;Argentín
Literatura israeliana;literatura israeliana;Világirodalom;Izraeli
Auto-Moto;automoto;Szabadidő;Jármű
Vinil;vinil;Egyéb;
Roman Grafic;roman grafic;Szépirodalom;
Literatura olandeza;literatura olandeza;Világirodalom;Holland
Puzzle;puzzle;Egyéb;
Religie;religie;Vallás és spiritualitás;
Medicina Veterinara;medicina veterinara;Ismeretterjesztés és tudományok;Orvoslás
Romane mitologice;romane mitologice;Szépirodalom;Fantasy
Farmacie;farmacie;Ismeretterjesztés és tudományok;Orvoslás
Literatura suedeza;literatura suedeza;Világirodalom;Svéd
Stiinte Politice;stiinte politice;Társadalomtudomány;Politika
Biografii Memorii Jurnale;biografii memorii jurnale;Életrajzi;
Gradinita;gradinita;Ifjúsági irodalom;Gyermek
Etnologie;etnologie;Társadalomtudomány;Néprajz
Filosofie;filosofie;Társadalomtudomány;Filozófia
Literatura islandeza;literatura islandeza;Világirodalom;Izlandi
Burse Asigurari;burse asigurari;Üzlet és gazdaság;Pénzügy
Despre Holocaust;despre holocaust;Történelem;
Manuale Clasa 3;manuale clasa 3;Nyelvészet és oktatás;Iskola
Literatura indiana;literatura indiana;Világirodalom;Indiai
Literatura chineza;literatura chineza;Világirodalom;Kínai
Literatura braziliana;literatura braziliana;Világirodalom;Brazil
Manuale Clasa 6;manuale clasa 6;Nyelvészet és oktatás;Iskola
Didactica;didactica;Ismeretterjesztés és tudományok;Pedagógia
Agende;agende;Egyéb;
Arheologie;arheologie;Ismeretterjesztés és tudományok;
Literatura greaca;literatura greaca;Világirodalom;Görög
Trauma si Vindecare;trauma si vindecare;Életmód;Önfejlesztő
Literatura elvetiana;literatura elvetiana;Világirodalom;Svájci
Penal;penal;Társadalomtudomány;Jog
Stiinta&Filosofie;stiintafilosofie;Ismeretterjesztés és tudományok;
Civil;civil;Társadalomtudomány;Jog
Coduri;coduri;Társadalomtudomány;Jog
Manuale Clasa 7;manuale clasa 7;Nyelvészet és oktatás;Iskola
Literatura araba;literatura araba;Világirodalom;Arab
Literatura maghiara;literatura maghiara;Világirodalom;Magyar
