page;rank;title;author;publisher;price;score;reviews;language;pages;edition;code;category
49;2949;Gondolatok az év minden napjára - Öröknaptár;C. S. Lewis;Harmat Kiadó, 2021;72.56;5.0;11.0;magyar;380.0;kemény kötés;9789632886688;
110;6631;Út a nyugalomhoz - Mindennapi tűnődések - Őszentsége, a dalai láma korunkról, jövőnkről, esélyeinkről;Dalai Láma;Írás Kiadó, 2001;29.07;0.0;0.0;magyar;404.0;cérnafűzött, keménytáblás;9789638417060;
114;6843;Barátok közt - A Barátok közt sorozat hivatalos kézikönyve;;Klub Publishing Kft., 2008;Előjegyezhető;0.0;0.0;magyar;136.0;puhatáblás, ragasztókötött;9789630657914;
139;8354;A napok iszkolása - Magvető könyvnotesz 2016-ra;;Magvető Könyvkiadó, 2015;Előjegyezhető;5.0;4.0;magyar;266.0;kemény kötés;9789631433302;Ajándék, utalványok > Naptár > Határidőnapló
170;10205;Jegyzetek - Kedvencünk, a kutya;Edizioni del Baldo;Alexandra Kiadó, 2014;Előjegyezhető;5.0;5.0;magyar;64.0;puhatáblás, ragasztókötött;5999556205470;Ajándék, utalványok > Jegyzetfüzet, notesz, toll
171;10281;A Válasz - Teremts magadnak anyagi függetlenséget, és élj kivételes életet!;John Assaraf;Édesvíz Kiadó, 2009;Előjegyezhető;0.0;0.0;magyar;328.0;cérnafűzött, keménytáblás;9789635290437;
178;10716;Amanda Quick: A titokzatos nő;;;;;;;;;;
192;11549;Jegyzetek - Tündérek álma, a boldogság;Edizioni del Baldo;Alexandra Kiadó, 2014;36.23;5.0;11.0;magyar;64.0;puhatáblás, ragasztókötött;5999556205487;Ajándék, utalványok > Jegyzetfüzet, notesz, toll
197;11822;A tenger hullámain - zsebnotesz;;Alexandra Kiadó, 2015;5.18;0.0;0.0;magyar;48.0;irkafűzött;9789633576076;Ajándék, utalványok > Jegyzetfüzet, notesz, toll
209;12592;A heroinnaplók;Nikki Sixx;;Előjegyezhető;0.0;0.0;magyar;440.0;ISBN: 9789632660615;;
257;15447;Jegyzetek - A természet dala;;Alexandra Kiadó, 2015;Előjegyezhető;5.0;1.0;magyar;64.0;karton;9789633576014;
277;16644;A felejthetetlen esküvő - 100 ötlet sorozat;Cathy Howes;Ventus Libro Kiadó, 2006;Előjegyezhető;0.0;0.0;magyar;112.0;cérnafűzött, keménytáblás;9789639546608;
277;16661;Jegyzetek - A szív szava;;Alexandra Kiadó, 2015;8.30;0.0;0.0;magyar;64.0;karton;9789633576007;Ajándék, utalványok > Jegyzetfüzet, notesz, toll
282;16975;Jegyzetek - Kedvencünk, a macska;Edizioni del Baldo;Alexandra Kiadó, 2014;Előjegyezhető;0.0;0.0;magyar;64.0;puhatáblás, ragasztókötött;5999556205500;
326;19568;A napok iszkolása - Egy év Esterházy Péterrel - Magvető könyvnotesz 2017-re - idézetek, képek, rajzok;Szegő János (szerk.);Magvető Könyvkiadó, 2016;Előjegyezhető;0.0;0.0;magyar;256.0;kemény kötés;9789631434699;Ajándék, utalványok > Naptár > Falinaptár > További naptárak
330;19832;Kürtő úr - Fakszimile kiadás;J. R. R. Tolkien;Partvonal Könyvkiadó, 2008;31.13;0.0;0.0;magyar;100.0;cérnafűzött, keménytáblás;9789639910072;Idegen nyelvű > English books > Children's Books > First Reading
339;20390;A napok iszkolása 2018 - Egy év Esterházy Péterrel;;Magvető Könyvkiadó, 2017;;0.0;0.0;magyar;256.0;kemény kötés;9789631435917;
342;20569;A világvége illemtana - Túlélőkönyv;Meszlényi Attila;Ad Librum Kiadó, 2008;Előjegyezhető;0.0;0.0;magyar;102.0;puhatáblás, ragasztókötött;9789638776952;
359;21597;Salman Rushdie díszdoboz - Sálímár bohóc + Az éjfél gyermekei + Hárún és a mesék tengere + A mór utolsó sóhaja + Szégyen;Salman Rushdie;Ulpius-ház, 2008;103.79;5.0;1.0;díszdobozban;;;;
363;21795;"I Know What You Did Last Summer (Easy Readers ""B"") - Young Adult B";Lois Duncan;EASY READERS, 2008;18.81;0.0;0.0;magyar;112.0;puhatáblás, ragasztókötött;9788723905222;Idegen nyelvű > English books > Fiction > Crime Stories
380;22832;Kutyás zsebnotesz - Kutya a porondon;Edizioni del Baldo;Alexandra Kiadó, 2015;Előjegyezhető;5.0;1.0;magyar;48.0;irkafűzött;9789633576045;
381;22892;A napok iszkolása 2020 - Egy év versekkel és prózával - Magvető könyvnotesz;;Magvető Könyvkiadó, 2019;Előjegyezhető;5.0;1.0;magyar;256.0;kemény kötés;9789631438628;
402;24134;Balett - Pixi ismeretterjesztő füzetei 1.;Nicole Künzel;Nicam Media Könyvkiadó Kft., 2011;6.12;5.0;1.0;magyar;32.0;irkafűzött;9789638925817;
404;24260;Én vagyok a móri mészáros? - Nagy László eredeti naplójával;Nothoff Ingrid;Elektra Kiadóház, 2009;Előjegyezhető;0.0;0.0;magyar;222.0;fűzve;9789630653046;
408;24497;A napok iszkolása 2019 - Egy év versekkel és prózával - Magvető könyvnotesz;;Magvető Könyvkiadó, 2018;Előjegyezhető;0.0;0.0;magyar;256.0;kemény kötés;9789631437690;
420;25251;A természet ölelése;Szabó Zsolt (válogatta);Szalay Könyvek, 2018;14.43;0.0;0.0;magyar;128.0;puhatáblás, ragasztókötött;9789632371641;Ajándék, utalványok > Jegyzetfüzet, notesz, toll
465;27956;Tettesek és tetthelyek - Munkában a bűnügyi helyszínelők;;Aréna 2000 Kiadó, 2006;Előjegyezhető;0.0;0.0;magyar;144.0;cérnafűzött, keménytáblás;9799637046697;
468;28095;Budapest - A Duna gyöngyszeme - orosz nyelvű;Székely András;Merhavia Kiadó, 2010;Előjegyezhető;5.0;2.0;magyar;40.0;irkafűzött;9789637587498;Idegen nyelvű > Egyéb idegen nyelvű > Orosz
494;29685;A legkisebb babakönyv;;General Press Kiadó, 2009;Előjegyezhető;5.0;1.0;magyar;96.0;kemény kötés;9789636430726;
503;30226;Budapest - A Duna gyöngyszeme - kínai nyelvű;Székely András;Merhavia Kiadó, 2008;Előjegyezhető;0.0;0.0;magyar;20.0;irkafűzött;9789637587580;Idegen nyelvű > Egyéb idegen nyelvű > Egyéb
511;30669;Cicás zsebnotesz - Kedvencünk, a macska;;Alexandra Kiadó, 2014;46.70;0.0;0.0;magyar;48.0;irkafűzött;9789633572030;
526;31594;Sherlock Holmes and the Mystery of Boscombe Pool - Audio CD pack - Level 3;Arthur Conan Doyle;PEARSON-LONGMAN, 2008;70.49;5.0;1.0;magyar;46.0;puhatáblás, ragasztókötött;9781405879361;Idegen nyelvű > English books > Fiction > Crime Stories
534;32057;A legszebb ajándékot nyújtom át neked;Szabó Lea (szerk.);;Előjegyezhető;0.0;0.0;magyar;64.0;ISBN: 9789633707975;;
537;32280;A csend birodalma;Helen Exley;;Előjegyezhető;5.0;1.0;magyar;136.0;ISBN: 9789633701225;;
540;32404;La perla del Danubio - Budapest - A Duna gyöngyszeme - LA PERLA DEL DANUBIO;Székely András;Merhavia Kiadó, 2010;Előjegyezhető;5.0;1.0;magyar;32.0;irkafűzött;9789637587238;Idegen nyelvű > Egyéb idegen nyelvű > Olasz
558;33488;Az érintetlen természet harmóniája a Balkán történelmi levegőjével - Bosznia és Hercegovina;Joó András;Dekameron, 2020;69.03;0.0;0.0;magyar;304.0;ragasztott;9786155072352;
563;33819;Ungheria: La cucina tra oriente e occidente - magyar kóstoló;Gergely Anikó;Könemann, 2000;72.61;5.0;2.0;magyar;318.0;cérnafűzött, keménytáblás;9783829045827;Idegen nyelvű > Egyéb idegen nyelvű > Olasz
564;33894;Puskázási kézikönyv - AVAGY HOGYAN SZEREZZEN JÓ JEGYET A LUSTA EMBER;Abaházi Viktor;BBS-Info Kft., 2002;47.75;5.0;2.0;magyar;128.0;cérnafűzött, keménytáblás;9789638628800;
578;34718;L' Ungheria delle meraviglie - Csodás Magyarország - l'ungheria delle meraviglie;Szerk.: Fizil Éva;Folpress Kft, 2006;16.59;0.0;0.0;magyar;32.0;fűzve;9789639172685;Idegen nyelvű > Egyéb idegen nyelvű > Olasz
592;35547;Budapest éjféltől-éjfélig (magyar-angol-francia) - Magyar-francia-angol;F. Biart;Helikon Kiadó, 2005;Előjegyezhető;0.0;0.0;cérnafűzött, keménytáblás;;;;Idegen nyelvű > Egyéb idegen nyelvű > Többnyelvű
603;36186;Kis könyv karácsonyra;Brown, H.J.-Brown, R.-Peel, K.;Tericum Kiadó, 2002;Előjegyezhető;0.0;0.0;magyar;200.0;kötve;9638453621;
612;36739;Sápi, a kiskacsa - Bábozós könyvek;Klaartje van der Put;Móra Könyvkiadó, 2006;Előjegyezhető;0.0;0.0;magyar;12.0;lapozó;9789631180442;
615;36931;A pokolbéli kutya nyomában (magyar-angol) - Lerner's Crime Story - Tanulókrimi;Marc Hillefeld;Cser Kiadó, 2004;Előjegyezhető;0.0;0.0;magyar;144.0;fűzve;9789639560192;Idegen nyelvű > Egyéb idegen nyelvű > Többnyelvű
622;37356;Vuelta a Espana - Spanyol nyelvtani gyakorlókönyv;Bátki Piroska;Nemzeti Tankönyvkiadó, 2013;Előjegyezhető;0.0;0.0;magyar;160.0;puhatáblás, ragasztókötött;9789631954586;Idegen nyelvű > Egyéb idegen nyelvű > Spanyol
625;37518;La joya del Danubio Budapest - Budapest a Duna gyöngyszeme - Donaupärlen;Székely András;Merhavia Kiadó, 2008;Előjegyezhető;5.0;1.0;magyar;32.0;irkafűzött;9789637587641;Idegen nyelvű > Egyéb idegen nyelvű > Spanyol
632;37961;Three men on the bummel;Jerome K. Jerome;Penguin Books, 1994;Előjegyezhető;0.0;0.0;magyar;208.0;fűzve;0140621458;Idegen nyelvű > English books > Fiction > Novels > Short Stories
641;38478;Csokivarázs zsebnotesz - Kedvencünk, a csokoládé;;Alexandra Kiadó, 2014;Előjegyezhető;5.0;3.0;magyar;48.0;irkafűzött;9789633572023;Ajándék, utalványok > Jegyzetfüzet, notesz, toll
648;38918;The Son of the White Horse - A hungarian fairy tale;Arany László;Móra Könyvkiadó, 1999;Előjegyezhető;5.0;2.0;ISBN: 9631174972;;;;Idegen nyelvű > English books > Children's Books > Fairy Tales
648;38933;Tűzvédelem;Györkös Tivadar;COMPLEX KIADÓ KFT, 2009;48.72;5.0;2.0;magyar;300.0;puhatáblás, ragasztókötött;9789632950174;
660;39650;Műszaki biztonság;Varga János;COMPLEX KIADÓ KFT, 2009;Előjegyezhető;5.0;2.0;magyar;262.0;puhatáblás, ragasztókötött;9789632950143;
669;40196;The Tragedy of Man - 7. kiadás;Madách Imre;Corvina Kiadó, 2018;140.91;0.0;0.0;magyar;269.0;kartonált ragasztókötés visszahajló füllel;9789631365528;Idegen nyelvű > English books > Fiction > Lyrics, Poetry, Essays, Speeches
689;41343;A világ legnagyobb sörivójának;Koncz Gergely (szerk.);;Előjegyezhető;0.0;0.0;ISBN: 9789632510385;;;;
696;41802;WALL-E Digibook;;Pro Video Film & Distribution Kft., 2014;Előjegyezhető;0.0;0.0;magyar;95.0;dobozban / tokban;9789638989505;Film > Gyerek és ifjúsági > Mesék
709;42546;King's Ransom (OBW 5);Ed McBain;Librotrade Kft., 2001;Előjegyezhető;0.0;0.0;magyar;104.0;fűzve;9780194230711;Idegen nyelvű > English books > School and Learning > Schoolbooks, Readings, Interpretations
712;42741;Tuna nehri'nin incisi Budapeste - Budapest - A Duna gyöngyszeme - TUNA NEHRI' NIN INCISI;Székely András;Merhavia Kiadó, 2008;Előjegyezhető;5.0;2.0;magyar;32.0;irkafűzött;9789637587726;Idegen nyelvű > Egyéb idegen nyelvű > Egyéb
726;43598;The Songs of Distant Earth and Other Stories (OBW 4);Arthur C. Clarke;Librotrade Kft., 2000;8.88;0.0;0.0;ISBN: 9780194230469;;;;Idegen nyelvű > English books > School and Learning > Schoolbooks, Readings, Interpretations
726;43614;Vészjelek a belső fülből - Segítség tinnitus esetén;Markus, Michéle, Hoffman;M-érték Kiadó Kft., 2005;;0.0;0.0;magyar;112.0;fűzve;9789637304231;
740;44456;Budapest - A Duna gyöngyszeme - lengyel nyelvű - PERLA NAD DUNAJEM;Székely András;Merhavia Kiadó, 2006;Előjegyezhető;0.0;0.0;magyar;32.0;irkafűzött;9789637587481;Idegen nyelvű > Egyéb idegen nyelvű > Egyéb
744;44648;The Noszty boy's affair with Mari Tóth - A NOSZTY FIÚ ESETE TÓTH MARIVAL;Mikszáth Kálmán;Corvina Kiadó, 2005;36.25;0.0;0.0;magyar;416.0;fűzve;9789631354218;Idegen nyelvű > English books > Fiction > Novels > Short Stories
745;44744;A barátok az élet napsugarai;Orosné Galaczi Edit;;13.26;0.0;0.0;magyar;126.0;ISBN: 9789639677562;;
756;45364;Világló részletek (képeslapok) - Fényképek a családi albumból;Nádas Péter;Jelenkor Kiadó, 2018;Előjegyezhető;0.0;0.0;magyar;12.0;szabadlapos;5998644104725;Ajándék, utalványok > Képeslapok/Üdvözlőlapok
756;45383;Budapest - A Duna gyöngyszeme - görög nyelvű;Székely András;Merhavia Kiadó, 2008;Előjegyezhető;0.0;0.0;magyar;32.0;irkafűzött;9789637587139;Idegen nyelvű > Egyéb idegen nyelvű > Egyéb
756;45384;Budapest - A Duna gyöngyszeme - portugál nyelvű - A PÉROLA DO DANÚBIO;Székely András;Merhavia Kiadó, 2006;Előjegyezhető;0.0;0.0;magyar;32.0;irkafűzött;9799637587923;Idegen nyelvű > Egyéb idegen nyelvű > Egyéb
767;46041;A mosoly - Gondolatok a mosolyról;Orosné Galaczi Edit;;Előjegyezhető;0.0;0.0;magyar;162.0;ISBN: 9789639677555;;
779;46762;Budapest - A Duna gyöngyszeme - héber nyelvű;Székely András;Merhavia Kiadó, 2006;Előjegyezhető;0.0;0.0;magyar;32.0;fűzve;9789637587610;Idegen nyelvű > Egyéb idegen nyelvű > Egyéb
791;47505;Quiz mester 3 - Műveltségi kérdések, tesztek és kérdések;Végvári László;Vagabund Kiadó, 2007;14.13;0.0;0.0;magyar;208.0;fűzve;9789639685246;
791;47506;Quiz mester 2. - Műveltségi kérdések, tesztek és feladatok;Végvári László;Vagabund Kiadó, 2006;14.13;0.0;0.0;magyar;208.0;fűzve;9789639685239;
797;47827;Remember Miranda (OBW 1);Rowena Akinyemi;Librotrade Kft., 2000;8.89;0.0;0.0;ISBN: 0194229548;;;;Idegen nyelvű > English books > School and Learning > Schoolbooks, Readings, Interpretations
800;48051;Iránytű az élethez;G. Molnár Liza;;71.90;0.0;0.0;magyar;110.0;ISBN: 9789639916296;;
800;48057;Házasság - a legszebb ajándék;Helen Exley;;Előjegyezhető;0.0;0.0;magyar;368.0;ISBN: 9633693112;;
807;48444;Harmónia, a hableány;Sue McMillan;Móra Könyvkiadó, 2012;Előjegyezhető;0.0;0.0;magyar;8.0;lapozó;9789631192490;Idegen nyelvű > Egyéb idegen nyelvű > Angol > Gyermekkönyvek > Leporellók, lapozók
820;49258;Grace Darling (OBW 2) - OBW Library 2.;Tim Vicary;Librotrade Kft., 2001;8.89;0.0;0.0;fűzve;;;;Idegen nyelvű > English books > School and Learning > Schoolbooks, Readings, Interpretations
825;49509;A hálózati nyilvántartás szereplői - Az államvédelmi és állambiztonsági hálózat nyilvántartása Szegeden és Csongrád megyében;Bálint László;;Előjegyezhető;5.0;4.0;magyar;333.0;puhatáblás, ragasztókötött;9789631294972;
829;49779;This Rough Magic (OBW 5);Mary Stewart;Librotrade Kft., 2001;Előjegyezhető;0.0;0.0;magyar;104.0;fűzve;9780194230742;Idegen nyelvű > English books > School and Learning > Schoolbooks, Readings, Interpretations
830;49803;Fordított világ - Titkok a villából;Nagy Alekosz;BÓVÁRI KFT., 2011;Előjegyezhető;4.5;2.0;magyar;292.0;puhatáblás, ragasztókötött;9789630824620;
853;51218;Budapest - A Duna gyöngyszeme - horvát nyelvű - BISER NA OBALI DUNAVA;Székely András;Merhavia Kiadó, 2008;Előjegyezhető;5.0;1.0;magyar;20.0;fűzve;9789637587146;Idegen nyelvű > Egyéb idegen nyelvű > Egyéb
853;51219;Parel van der Donau Boedapest - Budapest - A Duna gyöngyszeme - PAREL VAN DER DONAU - BOEDAPEST;Székely András;Merhavia Kiadó, 2008;Előjegyezhető;5.0;1.0;magyar;32.0;irkafűzött;9789637587160;Idegen nyelvű > Egyéb idegen nyelvű > Egyéb
854;51297;Zengjetek orgonák! - Intonációk a Református Korálkönyv tételeihez;Sepsy Károly;Kálvin Kiadó, 2013;Előjegyezhető;4.5;2.0;magyar;320.0;dobozban / tokban;9789635582136;
855;51342;Who, Sir? Me, Sir? (OBW 3);K. M. Peyton;Librotrade Kft., 2000;8.92;4.5;2.0;ISBN: 9780194230216;;;;Idegen nyelvű > English books > School and Learning > Schoolbooks, Readings, Interpretations
864;51856;Budapest - A Duna gyöngyszeme - cseh nyelvű - Perla na Dunaji;Székely András;Merhavia Kiadó, 2004;Előjegyezhető;0.0;0.0;magyar;66.0;fűzve;9637587314;Idegen nyelvű > Egyéb idegen nyelvű > Egyéb
865;51942;Megjegyezhető kandzsik - 1. kötet;Rácz Zoltán;;Előjegyezhető;0.0;0.0;magyar;502.0;ISBN: 9789638889232;;
865;51957;Síva utolsó ránca;L. Leslie Laticel;;Előjegyezhető;4.5;2.0;magyar;200.0;ISBN: 9789639285484;;
868;52097;Le pére Goriot - Easy Readers D;Honoré de Balzac;EASY READERS, 2005;Előjegyezhető;4.5;2.0;magyar;88.0;puhatáblás, ragasztókötött;9788723906205;Idegen nyelvű > Egyéb idegen nyelvű > Francia
869;52149;Ich war den Hunnen untertan - A láthatatlan ember;Gárdonyi Géza;Corvina Kiadó, 2002;136.94;0.0;0.0;magyar;300.0;kötve;9789631351729;Idegen nyelvű > Deutsche Bücher > Belletristik > Romane > Erzählungen
875;52533;Chemical Secret (OBW 3) - OBW Library 3.;Tim Vicary;Librotrade Kft., 2001;8.54;4.5;2.0;ISBN: 9780194229999;;;;Idegen nyelvű > English books > School and Learning > Schoolbooks, Readings, Interpretations
881;52880;The Children of the New Forest (OBW 2);Captain Marryat;Librotrade Kft., 2000;Előjegyezhető;0.0;0.0;ISBN: 9780194229678;;;;Idegen nyelvű > English books > School and Learning > Schoolbooks, Readings, Interpretations
885;53129;Emlékek a beat korszakból;Kőbányai János;Múlt és Jövő Alapítvány, 2014;37.39;4.5;2.0;magyar;300.0;puhatáblás, ragasztókötött;9786155480027;
886;53218;Az energiaelv - Koncentrációs gyakorlatok a munkahelyen;Helene Walterskirchen;M-érték Kiadó Kft., 2005;Előjegyezhető;4.5;2.0;magyar;104.0;fűzve;9637304223;
890;53424;Gondolatok a boldogságról;Helen Exley;Pécsi Direkt Kft., 2006;Előjegyezhető;0.0;0.0;ISBN: 9633700124;;;;
892;53524;"Die Erzählungen (Easy readers ""C"")";Luise Rinser;Librotrade Kft., 2002;18.20;4.5;2.0;ISBN: 3126756344;;;;Idegen nyelvű > Deutsche Bücher > Belletristik > Romane > Erzählungen
909;54544;Budapest - A Duna gyöngyszeme - román nyelvű - PERLA DUNARII;Székely András;Merhavia Kiadó, 2008;Előjegyezhető;0.0;0.0;magyar;20.0;fűzve;9789637587122;Idegen nyelvű > Egyéb idegen nyelvű > Egyéb
909;54594;Az igaz szerelem (regény A világ a feje 4.);;KOLIBRI GYEREKKÖNYVKIADÓ KFT, 2015;Előjegyezhető;0.0;0.0;magyar;178.0;puhatáblás, ragasztókötött;9786155541117;
913;54792;A mi titkunk 11. - Menő cuccok? Jöhetnek! - Pssszt! A mi titkunk 11.;Thomas Brezina;Deák És Társa Kiadó, 2006;Előjegyezhető;4.5;2.0;magyar;120.0;cérnafűzött, keménytáblás;9789639420441;
915;54910;A könyvek hídja - Emlékfüzér Scheiber Sándorról;Kertész Péter;Urbis Könyvkiadó, 2005;Előjegyezhető;0.0;0.0;ISBN: 963929179X;;;;
915;54935;The Coldest Place on Earth (OWB 1);Tim Vicary;Librotrade Kft., 1999;Előjegyezhető;0.0;0.0;ISBN: 0194229041;;;;Idegen nyelvű > English books > School and Learning > Schoolbooks, Readings, Interpretations
920;55206;BolondVadászat (könyv + 2 CD);;UNIVERSAL MUSIC KFT., 2008;Előjegyezhető;0.0;0.0;magyar;48.0;dobozban / tokban;9789630656832;Zene > Jazz, blues
924;55462;Budapest e i suoi dintorni;Dercsényi Balázs;Merhavia Kiadó, 2004;Előjegyezhető;0.0;0.0;magyar;96.0;keménytábla, védőborító;9799639172332;Idegen nyelvű > Egyéb idegen nyelvű > Olasz
927;55631;A Kérdések Könyve;dr. Bak Sándor;;58.94;0.0;0.0;magyar;502.0;ISBN: 9789639916357;;
929;55759;A gyergyai szép, ragyogós... - 39 gyergyói népdal, házi használatra, CD-melléklettel;;Gyergyóremete Község, 2015;Előjegyezhető;5.0;1.0;magyar;76.0;cérnafűzött, keménytáblás;9786068352602;Zene > Népzene, világzene
939;56396;Rain man - Level 3 - audio CD pack;Leonore Fleischer;Penguin Books, 2008;18.32;5.0;1.0;magyar;46.0;puhatáblás, ragasztókötött;9781405879293;Idegen nyelvű > English books > Humanities > Arts > Theatre, Ballet, Film
940;56405;The Wind in the Willows (OBW 3);Kenneth Grahame;Librotrade Kft., 2000;8.54;5.0;1.0;magyar;72.0;fűzve;9780194230223;Idegen nyelvű > English books > School and Learning > Schoolbooks, Readings, Interpretations
945;56759;Galactic Pot-Healer;Philip K. Dick;Gollancz, 2006;26.47;5.0;1.0;ISBN: 0575074620;;;;Idegen nyelvű > English books > Fiction > Science Fiction, Fantasy
948;56916;The Sexual Life of Catherine M.;Catherine Millet;Corgi Books, 2003;26.77;0.0;0.0;magyar;224.0;fűzve;9780552771726;Idegen nyelvű > Egyéb idegen nyelvű > Egyéb
948;56938;A Pale View of Hills;Kazuo Ishiguro;Random House USA, 1990;36.24;0.0;0.0;magyar;183.0;karton;9780679722670;Idegen nyelvű > Egyéb idegen nyelvű > Angol > Világirodalom > Kortárs regények
950;57003;Mai amerikai novellák - Contemporary american short stories;Tim Gautreaux;C+S Bt., 2003;Előjegyezhető;5.0;2.0;magyar;80.0;ISBN: 9632102681;;Idegen nyelvű > Egyéb idegen nyelvű > Többnyelvű
951;57071;Lerne gerne Deutsch! - 3 - SEGÉDKÖNYV NÉMET ÍRÁSBELI NYELVVIZSGÁKHOZ-2;Kiss Judit;Panoráma Nyelvstúdió Kft., 2003;Előjegyezhető;5.0;2.0;magyar;192.0;fűzve;9637748229;Idegen nyelvű > Deutsche Bücher > Schule und Lernen > Deutsch als Fremdsprache
953;57196;Signs of Remembrance - EMLÉKJELEK - ANGOL;Szatmári Gizella;Városháza, 2005;Előjegyezhető;0.0;0.0;magyar;80.0;fűzve;9639170941;Idegen nyelvű > Egyéb idegen nyelvű > Egyéb
954;57279;Phrases a sujet figé - Étude pragmatique, syntaxique et sémantique;Náray-Szabó Márton;Akadémiai Kiadó, 2011;Előjegyezhető;0.0;0.0;magyar;288.0;puhatáblás, ragasztókötött;9789630590785;Idegen nyelvű > Livres francais > Humanités > Linguistique > Livres References
955;57310;Artmagazin 119. - '80-as évek különszám 2. - 2019/8.;;Artmagazin Kft., 2019;13.30;0.0;0.0;magyar;96.0;pur ragasztókötés;9771785306397;
960;57652;A Christmas Carol;Charles Dickens;CRW PUBLISHING, 2004;Előjegyezhető;0.0;0.0;ISBN: 9781904633693;;;;Idegen nyelvű > English books > Fiction > Novels > Short Stories
965;57944;Szentendre - A town set in time;Korniss Péter;Corvina Kiadó, 2001;68.52;5.0;1.0;ISBN: 9631354474;;;;Idegen nyelvű > English books > Travel > Travel Guides - General > Europe
967;58066;Budapest, a vizek városa - Magyar, angol - Waters of...;Kudar Lajos;Focus Könyvkiadó, 2005;Előjegyezhető;5.0;2.0;magyar;48.0;cérnafűzött, keménytáblás;9789639468443;Idegen nyelvű > Egyéb idegen nyelvű > Többnyelvű
968;58112;Tooth and Claw (OBW 3);Saki;Librotrade Kft., 2001;8.92;5.0;2.0;fűzve;;;;Idegen nyelvű > English books > School and Learning > Schoolbooks, Readings, Interpretations
968;58140;New Retail;Raul A. Barreneche;Phaidon Press Ltd., 2008;103.71;5.0;2.0;magyar;198.0;puhatáblás, ragasztókötött;9780714848624;Idegen nyelvű > English books > Humanities > Arts > Architecture
975;58532;Az ember gitárja - A mindent túlélő hangszer;Adrovicz István;DEBRECENI EGYETEM, 2015;Előjegyezhető;0.0;0.0;magyar;272.0;papír / puha kötés;9789633184981;
980;58840;Cserépcsodák-magyar, angol (Earthen wonders) - MAGYAR-ANGOL NYELVEN;Carolyn M. Bárdos;Corvina Kiadó, 2000;Előjegyezhető;0.0;0.0;magyar;130.0;kötve;0967680808;Idegen nyelvű > Egyéb idegen nyelvű > Többnyelvű
983;58987;Fényt ad életednek - Hurtado atya Chile apostolánal gondódalatai;Alberto Hurtado C;Kairosz Kiadó, 2009;19.56;0.0;0.0;magyar;144.0;puhatáblás, ragasztókötött;9789636622794;
983;59018;One door away from heaven;Dean R. Koontz;Librotrade Kft., 2002;Előjegyezhető;0.0;0.0;ISBN: 055384038X;;;;Idegen nyelvű > English books > Fiction > Novels > Short Stories
983;59024;Life and Times of Michael K;J. M. Coetzee;Vintage Books, 2005;Előjegyezhető;0.0;0.0;ISBN: 009947915X;;;;Idegen nyelvű > English books > Fiction > Novels > Short Stories
988;59303;Rama II.;Arthur C. Clarke;Bantam Press, 1999;15.48;0.0;0.0;magyar;466.0;puhatáblás, ragasztókötött;9780553286588;Idegen nyelvű > Egyéb idegen nyelvű > Angol > Világirodalom > Sci-fi, fantasy
988;59309;A tenger hullámain - zsebnotesz;;Alexandra Kiadó, 2015;5.19;0.0;0.0;magyar;48.0;irkafűzött;9789633576076;Ajándék, utalványok > Jegyzetfüzet, notesz, toll
989;59392;Budapest zsinagógái - The synagogues of Budapest - The Synagogues of Budapest;Villányi A.;VILLÁNYI KIADÓ, 2007;15.59;0.0;0.0;magyar;158.0;cérnafűzött, keménytáblás;9789632179735;Idegen nyelvű > Egyéb idegen nyelvű > Többnyelvű
990;59420;The best a man can get;John O'Farrell;Black Swan, 2001;Előjegyezhető;0.0;0.0;ISBN: 0552998443;;;;Idegen nyelvű > English books > Fiction > Novels > Short Stories
994;59663;Régészek a világ tetején - Expedíció a Pamír hegységben;Erdélyi István;Aranyszarvas Kiadó, 2008;Előjegyezhető;0.0;0.0;magyar;132.0;cérnafűzött, keménytáblás;9789638687890;
995;59719;Esther's Inheritance Hb;Márai Sándor;Alfred A. Knopf, 2008;83.13;0.0;0.0;magyar;148.0;keménytábla, védőborító;9781400045006;Idegen nyelvű > Egyéb idegen nyelvű > Angol > Magyar irodalom
998;59896;Budapest, a vizek városa - Magyar, német - Gewasser von...;Kudar Lajos;Focus Könyvkiadó, 2005;Előjegyezhető;0.0;0.0;magyar;48.0;cérnafűzött, keménytáblás;9789639468450;Idegen nyelvű > Egyéb idegen nyelvű > Többnyelvű
998;59933;A breath of snow and ashes;Diana Gabaldon;Arrow Books, 2006;Előjegyezhető;0.0;0.0;magyar;1410.0;puhatáblás, ragasztókötött;0099278243;Idegen nyelvű > English books > Fiction > Novels > Short Stories
999;59947;Újabb kis útmutató az élethez - Még 500 baráti jó tanács;H. Jackson Brown;Tericum Kiadó, 1998;Előjegyezhető;0.0;0.0;kötve;;;;
1000;60018;Vitában egymással - Filozófusok disputái, kontroverziái;;L'Harmattan Kiadó, 2015;41.46;0.0;0.0;magyar;434.0;puhatáblás, ragasztókötött;9789634140337;
1002;60144;Irodalmi Magazin 2024/4.;;Magyar Napló Kiadó, 2025;20.79;0.0;0.0;magyar;111.0;puhatáblás, ragasztókötött;9772063801443;
1003;60232;Bee Movie - Busy as a Bee Sticker Activity Book;;HARPER COLLINS CHILDREN'S BOOKS, 2007;16.53;0.0;0.0;magyar;16.0;puhatáblás, ragasztókötött;9780007258789;Idegen nyelvű > Egyéb idegen nyelvű > Angol > Gyermekkönyvek > Kifestők, foglalkoztatók
1003;60238;A félrevezetett Diana II.;April Kihlstrom;Pécsi Direkt Kft.;3.10;0.0;0.0;;;;;Idegen nyelvű > Egyéb idegen nyelvű > Angol > Világirodalom > Kortárs regények
1003;60239;Bonus Pastor - A gyilkos örökség;Kincses Zoltán;Aranyszarvas Kiadó, 2007;Előjegyezhető;0.0;0.0;magyar;258.0;puhatáblás, ragasztókötött;9789638687883;
1004;60248;Hungarian with ease - Book + 4 CD;Szende Tamás;Assimil, 2006;31.17;0.0;0.0;magyar;426.0;dobozban / tokban;9782700520286;
1004;60276;Árpád vére. Hohenlohe;Zarándy A. Gáspár;Históriaantik Könyvesház, 2015;82.09;0.0;0.0;magyar;148.0;kemény kötésben;2050000053139;
1005;60351;Dragulj na obali Dunava Budimpesta-Budapest a Duna gyöngyszeme (szerb);Székely András;Merhavia Kiadó, 2007;Előjegyezhető;0.0;0.0;magyar;32.0;irkafűzött;9789637587153;Idegen nyelvű > Egyéb idegen nyelvű > Egyéb
1008;60522;The complete stories vol.2.;Isaac Asimov;VOYAGER, 1999;32.11;0.0;0.0;magyar;464.0;ISBN: 9780006480167;;
1009;60550;Nexusban a Co-Nexussal;Czike László;Heti Válasz Kiadó, 2002;Előjegyezhető;0.0;0.0;magyar;158.0;fűzve;9638620463;
1009;60576;Kóstoló - A szerző válogatása életművéből;Fekete Gyula;Trikolor Könyvkiadó Kft., 2006;Előjegyezhető;0.0;0.0;magyar;352.0;fűzve;9638618930;
1009;60594;Kutyabőrben - A 21.század halálgyárai;Simon Cili;Makkabi, 2005;11.64;0.0;0.0;magyar;64.0;fűzve;9637088059;
1010;60623;Őfelsége Farah Pahlavi - a Sah felesége , az utolsó iráni királyné;Őfelsége Farah Pahlavi;Ulpius-ház, 2004;36.16;0.0;0.0;magyar;590.0;puhatáblás, ragasztókötött;9639475874;
1010;60641;Budapest y alrededores;Dercsényi Balázs;Merhavia Kiadó, 2004;Előjegyezhető;0.0;0.0;magyar;96.0;cérnafűzött, keménytáblás;9799639172356;Idegen nyelvű > Egyéb idegen nyelvű > Spanyol
1010;60660;A kérők - Csalódások;Kisfaludy Károly;SZÉPIRODALMI KÖNYVKIADÓ KFT., 1988;Előjegyezhető;0.0;0.0;ISBN: 9631536394;;;;
1011;60689;El Greco - Világhíres festők sorozat 9.;;Kossuth Kiadó, 2010;18.70;0.0;0.0;magyar;80.0;kemény kötés;9789630961158;Idegen nyelvű > Egyéb idegen nyelvű > Német
1011;60702;Kontakte Deutsch 1. - Német nyelvk. kezdőknek 1.;Babári Ernőné;Lexika Kiadó, 1999;40.52;0.0;0.0;;;;;
1011;60703;Salve! IV. 1-2. - Olasz nyelvkönyv középfokon;;Eötvös József Könyvkiadó, 2001;25.36;0.0;0.0;;;;;
1014;60896;Zeichen der Erinnerung;Szatmári Gizella;Városháza, 2005;73.77;0.0;0.0;magyar;80.0;fűzve;963917095X;Idegen nyelvű > Egyéb idegen nyelvű > Német > Világirodalom
1015;60917;A radical voice in the science of science;George Magyar;Typotex Kiadó, 1998;Előjegyezhető;0.0;0.0;ISBN: 9639132195;;;;Idegen nyelvű > Egyéb idegen nyelvű > Egyéb
1015;60945;A magyar mezőgazdaság elemforgalma 1901 és 2003 között - Agronómiai és környezetvédelmi tanulságok;;MTA Talajtani és Agrokémiai Kut. In, 2005;36.55;0.0;0.0;magyar;262.0;ISBN: 9789632193724;;
1017;61051;Forbes Magazin - 2015 szeptember - III. évad 9. szám;;Mediarey Hungary Services KFT., 2015;Előjegyezhető;0.0;0.0;magyar;136.0;puhatáblás, ragasztókötött;2050000043376;
1021;61280;Gondolatok a sikerről - Gondolatok a vezetésről I-II.;;K.U.K. Kiadó, 1998;33.46;0.0;0.0;ISBN: 9639173045;;;;
1021;61287;A kun hercegnő - és;Doncsev Toso;Qualiton, 2008;Előjegyezhető;0.0;0.0;magyar;136.0;cérnafűzött, keménytáblás;9789630646277;
1021;61292;Espanol Sin Fronteras 2. /Nivel Medio/;;SOCIEDAD GENERAL ESPANALA DE LIBRER, 2003;28.05;0.0;0.0;ISBN: 8471437171;;;;
1021;61303;Kiskutyák a pácban - Puppies in trouble - Olvass angolul Disneyvel! - 2. szint;;Tóth Könyvkereskedés, 2005;Előjegyezhető;0.0;0.0;magyar;24.0;fűzve;;Idegen nyelvű > English books > Children's Books > Animal Stories
1021;61306;LANGUAGE IN USE PRE-INTERMEDIATE S-STUDY WBK 2ED;;Librotrade Kft., 2001;23.64;0.0;0.0;ISBN: 0521774063;;;;
1021;61308;Clifford ugat;Norman Bridwell;M & C Marketing Tanácsadó Kft., 2006;23.64;0.0;0.0;magyar;12.0;fűzve;5999541806088;
1021;61310;Nem félünk a doktor bácsitól!;;Fröhlich és Társai Kft.;Előjegyezhető;0.0;0.0;magyar;20.0;kötve;8085568764;
1021;61318;Enterteen 3. Student's Book;Huszár Márta;Nemzeti Tankönyvkiadó, 2000;23.69;0.0;0.0;magyar;192.0;fűzve;9631928268;
1021;61319;Otchum - A Companion in a World of Ice;;Konemann, 2000;25.93;0.0;0.0;magyar;175.0;ISBN: 3829041047;;Idegen nyelvű > English books > Non-Fiction > Hobby, Recreation, Nature > Recreational Hunting, Fishing, Animals
1022;61326;Hófehérke és a hét törpe - Orosz - Pan Kama;Pap Kata;Csimota Könyvkiadó, 2009;Előjegyezhető;0.0;0.0;kemény kötés;;;;
1022;61327;SNOW WHITE & THE 7 DWARFS - Hófehérke és a hét törpe - Arab karakterekkel;;Csimota Könyvkiadó, 2009;Előjegyezhető;0.0;0.0;kemény kötés;;;;
1022;61328;A vállalatgazdaságtan alapjai;Katona Klára;Szent István Társulat, 2007;Előjegyezhető;0.0;0.0;magyar;150.0;puhatáblás, ragasztókötött;9789633616444;
1022;61335;Chosen - A House of Night Novel;P.C. and Kristin Cast;Atom Books, 2009;15.48;0.0;0.0;magyar;323.0;fűzve;9781905654338;Idegen nyelvű > Egyéb idegen nyelvű > Angol > Világirodalom > Sci-fi, fantasy
1022;61338;A suttogással telt szoba;Rózsássy Barbara;Stádium Könyvkiadó, 1998;Előjegyezhető;0.0;0.0;magyar;140.0;papír / puha kötés;;
1022;61371;Matematika 7. Gondolkodni jó! - Kiegészítő feladatok megoldása;Dr. Hajdu Sándor;Műszaki Könyvkiadó, 2014;Előjegyezhető;0.0;0.0;magyar;38.0;irkafűzött;9789631645880;
1024;61475;Der Herr Der Ringe.Band 2;J. R. R. Tolkien;Klett-Cotta, 2001;70.22;0.0;0.0;ISBN: 9783608935424;;;;Idegen nyelvű > Deutsche Bücher > Belletristik > Science Fiction und Fantasy
1024;61484;Péter, a belevaló;Tomka-Barta;Pallas Antikvárium, 2003;24.32;0.0;0.0;magyar;272.0;fűzve;9639504246;
1024;61489;The Last Empress;A. Min;Bloomsbury, 2008;27.99;0.0;0.0;magyar;416.0;papírkötés;9780747593850;Idegen nyelvű > Egyéb idegen nyelvű > Angol > Világirodalom > Történelmi és háborús regények
1024;61496;Slovenia 4 - Lonely Planet;;Lonely Planet Publications, 2005;81.10;0.0;0.0;ISBN: 1741041619;;;;
1025;61521;BIOLÓGIA GYAKORLÓFELADATOK 7. OSZTÁLY;Szabó Miklós;Szalay Könyvek, 2014;17.00;0.0;0.0;magyar;56.0;irkafűzött;9789635961238;
1026;61567;Környezetismeret munkafüzet 4.;Hartdégenné Rieder Éva;Nemzeti Tankönyvkiadó, 2013;8.22;0.0;0.0;magyar;120.0;puhatáblás, ragasztókötött;9789631946802;
1026;61572;Földrajz 7. - Kontinensek földrajza munkafüzet;Etal.;Mozaik Kiadó, 2013;Előjegyezhető;0.0;0.0;magyar;112.0;irkafűzött;9789636974046;
1027;61630;BYZANTIUM - THE SUPRISING LIFE OF A MEDIEVAL EMPIR;Judith Herrin;Penguin Books, 2008;43.54;0.0;0.0;magyar;392.0;puhatáblás, ragasztókötött;9780141031026;
1027;61631;The jaguar smile - A Nicaraguan Journey;Salman Rushdie;Vintage Books, 2000;43.54;0.0;0.0;magyar;138.0;puhatáblás, ragasztókötött;9780099285229;
1028;61722;A derék Svejk kalandjai a II.világháború után;Marek, Jaroslav;Holnap Kiadó, 1993;Előjegyezhető;0.0;0.0;ISBN: 9633460247;;;;
1028;61729;A Föld felfedezése III. - Jules Verne összes művei 65.;Verne Gyula;Unikornis Kiadó, 2003;Előjegyezhető;0.0;0.0;magyar;290.0;bőr;;
1029;61748;Bevezetés az elektronikába I.;Szittya Ottó;LSI Oktatóközpont, 1996;20.72;0.0;0.0;magyar;552.0;fűzve;9635771843;
1029;61786;Receptklub receptgyűjtemény 6.;Szeleczky Arnold;RBJ Média Kft., 2003;30.14;0.0;0.0;magyar;208.0;kötve;5999537740297;
1029;61789;A NEMZETI HÁZA;Siklós Mária;SIKLÓS ÉS TÁRSA ÉPÜLETTERVEZŐ BT., 2007;40.52;0.0;0.0;magyar;176.0;cérnafűzött, keménytáblás;9789630619875;
1030;61802;Az építészet története - Ókor I. - Keleti és átmeneti kultúrák;Hajnóczi J. Gyula;Nemzeti Tankönyvkiadó, 2003;35.13;0.0;0.0;magyar;262.0;kötve;9789631941883;
1030;61808;Cézanne;Huyghe René;Elektra Kiadóház, 2002;43.64;0.0;0.0;magyar;72.0;kötve;9639391476;Idegen nyelvű > Egyéb idegen nyelvű > Német > Művészet
1030;61809;Toronymagasan;Szablyár Péter;Városháza, 2007;Előjegyezhető;0.0;0.0;magyar;80.0;puhatáblás, ragasztókötött;9789639669086;
1030;61819;Valós analízis előadások I.;Komornik Vilmos;Typotex Kiadó, 2003;Előjegyezhető;0.0;0.0;magyar;266.0;fűzve;9639548219;
1030;61827;MAGYAR ÍRÓK ÉLETE 9.;Gulyás Pál;Argumentum, 1992;Előjegyezhető;0.0;0.0;ISBN: 9637719202;;;;
1030;61841;A korai idegennyelv-oktatás didaktikai kérdései;Dr. Bauer Nándorné;Veszprém Megyei Pedagógiai Intézet, 2000;7.28;0.0;0.0;magyar;161.0;fűzve;9638444711;
1030;61844;Próbaérettségi nagykönyv a matematika kétszintű érettségihez - Középszint;;DFT-Hungária Kft., 2006;Előjegyezhető;0.0;0.0;magyar;166.0;fűzve;9789639691148;
1030;61857;Tudomány és technika évről évre - A 20. század évről évre - Egy csomagban;;Athenaeum Kiadó, 2001;124.58;0.0;0.0;magyar;600.0;kötve;;
1030;61859;A negyedik szoba;Somlyó György;NEM SENECA KÖNYVESBOLT. STEINE, 1994;2.91;0.0;0.0;ISBN: 9637666117;;;;
1031;61864;Irodalom szöveggyűjtemény I. - A középiskolák számára;Fábián Márton;KLETT MELÓ-DIÁK BT., 1998;Előjegyezhető;0.0;0.0;magyar;482.0;fűzve;9639194298;
1031;61878;Nyugtalan a mi szívünk;Boda László;Accordia Kiadó, 1999;Előjegyezhető;0.0;0.0;ISBN: 9638594624;;;;
1031;61879;Iskoladrámák / 4.;;Unikornis Kiadó, 1994;34.29;0.0;0.0;ISBN: 9634270840;;;;
1031;61894;Frankenstein: Book One Prodigal Son;Dean R. Koontz;Harper Collins, 2005;28.99;0.0;0.0;magyar;470.0;fűzve;9780007203130;
1031;61896;A Woman In Charge - The Life of Hillary Rodham Clinton;Bernstein;Arrow Books, 2008;41.44;0.0;0.0;magyar;648.0;puhatáblás, ragasztókötött;9780099519225;Idegen nyelvű > Egyéb idegen nyelvű > Angol > Világirodalom > Életrajzok
1031;61898;Macbeth - A velencei kalmár;William Shakespeare;Magvető Könyvkiadó, 2001;Előjegyezhető;0.0;0.0;magyar;222.0;kötve;9789631422764;
1031;61901;Lábnyomok a porban - Összegyűjtött drámák VI.;Hubay Miklós;Elektra Kiadóház, 2007;Előjegyezhető;0.0;0.0;magyar;574.0;vászon;9789637053863;
1032;61958;HUNGAROLINGUA 1. DIALÓGUSOK CD /2/;;Debreceni Nyári Egyetem, 2007;24.83;0.0;0.0;;;;;
1032;61959;New Cutting Edge Intermediate Student CD /1/;;Longman, 2006;24.30;0.0;0.0;ISBN: 9780582825246;;;;
1032;61960;Az élet szigete - Egy élő fa és a hozzá kötődő élőlények kapcsolatának megfigyelése - feladatlappal;;MAGYAR KÖRNYEZETI NEVELÉSI EGY.;6.65;0.0;0.0;;;;;
1032;61961;School Bus 1. - Kazetta - angol nyelv 4.1;;Lexika Kiadó;13.63;0.0;0.0;;;;;
1032;61962;Pitman Esol Intermediate 3. Cass;;Pitman Publishing, 2003;6.96;0.0;0.0;;;;;
1032;61963;Német nyelvkönyv gyerekeknek 5. - Kazetta - Schulbus 5.;Klinger Lőrincné;Lexika Kiadó;13.63;0.0;0.0;;;;;
1033;62000;Niki The Story of A Dog - The Story of a Dog;Déry Tibor;NYRB, 2009;Előjegyezhető;0.0;0.0;magyar;122.0;puhatáblás, ragasztókötött;9781590173183;Idegen nyelvű > Egyéb idegen nyelvű > Angol > Magyar irodalom
1036;62215;Cartier Bresson a Propos de Paris;Henry Cartier Bresson;THAMES & HUDSON, 2005;Előjegyezhető;0.0;0.0;magyar;167.0;fűzve;9780500280232;Idegen nyelvű > Egyéb idegen nyelvű > Francia
1036;62219;Comrades - Communism: A World History;Robert Service;Pan Books, 2008;46.08;0.0;0.0;magyar;570.0;fűzve;9780330439688;Idegen nyelvű > English books > Humanities > History > Contemporary, Politics
1037;62223;Adventures in a TV Nation;Michael Moore;Macmillan-Heinemann, 2003;Előjegyezhető;0.0;0.0;ISBN: 0330427660;;;;Idegen nyelvű > English books > Fiction > Novels > Short Stories
1037;62230;A SLIDE AND SURPRISE ALPHABET BOOK;;;23.04;0.0;0.0;magyar;14.0;ISBN: 9781849152907;;Idegen nyelvű > Egyéb idegen nyelvű > Angol > Gyermekkönyvek > Egyéb
1037;62232;Too Good To Be True;Sheila O' Flanagan;Headline, 2004;Előjegyezhető;0.0;0.0;ISBN: 0755323807;;;;Idegen nyelvű > English books > Fiction > Science Fiction, Fantasy
1037;62258;Az Isten háta fekete 1-2.;Kárpáti Kamil;Stádium Nyomda, 2002;34.23;0.0;0.0;fűzve;;;;
1037;62270;Ein Seemann Von Welt;P. Howard;Elfenbein, 2004;101.43;0.0;0.0;ISBN: 9783932245640;;;;Idegen nyelvű > Deutsche Bücher > Belletristik > Romane > Erzählungen
1037;62273;Moment Mal! 1 Arbeitsbuch;Lemcke-Müller-Rusch;Librotrade Kft., 1999;Előjegyezhető;0.0;0.0;ISBN: 346847752X;;;;Idegen nyelvű > Deutsche Bücher > Schule und Lernen > Deutsch als Fremdsprache
1037;62277;Hornblower Y La Atropos;Forester C.S.;Quinteto, 2007;50.79;0.0;0.0;ISBN: 9788497110433;;;;Idegen nyelvű > Egyéb idegen nyelvű > Spanyol
1038;62284;Moment Mal! 1 Lehrbuch;Müller-Rusch-Schmidt;Librotrade Kft., 1999;Előjegyezhető;0.0;0.0;ISBN: 3468477511;;;;Idegen nyelvű > Deutsche Bücher > Schule und Lernen > Deutsch als Fremdsprache
1038;62295;Hangos recept;B. Király Györgyi;;Előjegyezhető;0.0;0.0;magyar;256.0;ISBN: 9639410172;;
1039;62374;A XX. századi spanyol-amerikai kisérletező novella - Antologia del cuento experimental hispanoamérico;;Eötvös József Könyvkiadó, 2000;Előjegyezhető;0.0;0.0;magyar;212.0;fűzve;9639024872;
1039;62375;Sherlock Holmes nyomoz - A krimi gyöngyszemei;Arthur Conan Doyle;Pécsi Direkt Kft., 2006;Előjegyezhető;0.0;0.0;magyar;323.0;vászon;9633694175;
1039;62377;Mi a ...(füttyöt) tudunk?! - Fedezd fel a végtelen lehetőségeket;Vicente, Mark;Ezvankiadó Kft., 2007;Előjegyezhető;0.0;0.0;magyar;284.0;puhatáblás, ragasztókötött;9789638725134;
1040;62426;Jegyre megy - Matematika 8. munkafüzet és algebra tudástár - Matematika gyakorló munkafüzet 8. osztályos tanulók számára, algebra képlet és szabálygyűjtemény;Tanja Koncan;Raabe Klett Kft., 2009;18.70;0.0;0.0;magyar;56.0;irkafűzött;5999550890474;
1040;62428;Vond ki! - Könyv a kivonásról - letörlhető varázstollal;;Novum Kiadó, 2008;20.68;0.0;0.0;magyar;18.0;ragasztott;9789639859203;
1040;62430;Európai utasok - A vasfüggönyön innen és túl;;Magánkiadás, 2004;30.34;0.0;0.0;magyar;376.0;kötve;9637058400;
1040;62431;Az irracionalitás problémája a XVII. századi esztétikában és logikában - Az ítélőerő kritikájáig;Baeumler, Alfred;Enciklopédia Kiadó, 2002;25.98;0.0;0.0;magyar;300.0;fűzve;9789638477613;
1040;62434;Elmélet/ irodalom/ történet - A komparatív megértés lehetőségei;;Tiszatáji Alapítvány, 2004;21.82;0.0;0.0;magyar;282.0;puhatáblás, ragasztókötött;9789638496393;
1040;62435;Iratok a magyar-szovjet kapcsolatok történetéhez - 1944. október-1948. június - Dokumentumok;;Gondolat-Infonia, 2005;Előjegyezhető;0.0;0.0;magyar;384.0;cérnafűzött, keménytáblás;9639567981;
1040;62438;Fókuszban a gasztroenterológia - Hatóanyagok, készítmények, terápia;;Melinda Kft., 2006;57.48;0.0;0.0;magyar;152.0;fűzve;;
1040;62440;Tavaszi vizek - Első szerelem;Ivan Szergejevics Turgenyev;Kossuth Kiadó, 2006;Előjegyezhető;0.0;0.0;magyar;192.0;cérnafűzött, keménytáblás;9789630948029;
1043;62616;A csillagok - Mi micsoda 3.;Haber, Heinz;Babilon Kiadó, 2007;Előjegyezhető;0.0;0.0;magyar;48.0;cérnafűzött, keménytáblás;9789639182820;
1043;62627;Oxford Concise Dictionary of the Christian Church;E. A. Livingstone;Librotrade Kft., 2004;42.68;0.0;0.0;ISBN: 0192800574;;;;Idegen nyelvű > Egyéb idegen nyelvű > Angol > Vallás
1043;62630;THE STRANGE CASE OF DR. JEKILL AND MR HYDE/LEVEL 5;Robert Louis Stevenson;Penguin Books, 2000;12.89;0.0;0.0;ISBN: 9780582427457;;;;
1044;62644;A sorsunk - A Janus Pannonius Társaság folyóirata;;Pannónia Könyvek;;0.0;0.0;magyar;376.0;kemény kötés;9789639079946;
1044;62653;Műszaki rajz I. osztály - Mechanikai, villamos, vegyészeti, biomechanikai és geológiai-földmérési-vízügyi szakcsoport;Dr. Biszterszky Elemér;Műszaki Könyvkiadó, 2005;57.76;0.0;0.0;magyar;202.0;papír / puha kötés;9789631618242;
1045;62750;Biser ob Donavi Budimpesta - Budapest - A Duna gyöngyszeme - BUDIMPESTA BISETR OB DONAVI;Székely András;Merhavia Kiadó, 2008;Előjegyezhető;0.0;0.0;magyar;32.0;irkafűzött;9789637587115;Idegen nyelvű > Egyéb idegen nyelvű > Egyéb
1046;62770;A költészet szerelmese;Willnernétakács Margit;Accordia Kiadó, 2002;9.66;0.0;0.0;magyar;111.0;puhatáblás, ragasztókötött;9639242780;
1046;62774;Das Deutschmobil Kazetta 2.;;Raabe Klett Kft., 1996;22.22;0.0;0.0;ISBN: 3126750532;;;;
1046;62780;Nyitott átjáróház - A szerző válogatása életművéből;Kárpáti Kamil;Trikolor Könyvkiadó Kft., 2006;31.78;0.0;0.0;magyar;352.0;fűzve;9638618957;
1046;62789;Születéskalauz '99 Mo-i Szülészeti Int. Szolg.;;MÉRCE EGYESÜLET, 1999;12.22;0.0;0.0;ISBN: 9630361140;;;;
1046;62791;Cambridge Preparation for the Toefl Cass /4/.;;Librotrade Kft., 1999;109.38;0.0;0.0;ISBN: 0521577705;;;;
1046;62793;Project 1. Class. Cass. 2.;;Librotrade Kft., 1999;38.83;0.0;0.0;ISBN: 0194354342;;;;
1046;62794;Ó, örök Isten - Versek a magyar irodalomból;L.dala Mária;Auktor Könyvkiadó, 2002;15.89;0.0;0.0;magyar;64.0;díszkötés;9789637780844;
1046;62796;SECOND FOUNDATION - FOUNDATION SERIES 4.;;Harper Collins, 1995;29.21;0.0;0.0;magyar;240.0;fűzve;9780586017135;Idegen nyelvű > Egyéb idegen nyelvű > Angol > Világirodalom > Sci-fi, fantasy
1047;62845;Az álomutazó + A szeretettolvajok;Kalas Zsuzsa;KOLIBRI GYEREKKÖNYVKIADÓ KFT, 2014;Előjegyezhető;0.0;0.0;ISBN: 5998644104220;;;;
1048;62911;Wunder der Natur in Ungarn;Moldován Tamás;Athenaeum Kiadó, 2002;Előjegyezhető;0.0;0.0;magyar;128.0;fűzve;963947102X;Idegen nyelvű > Deutsche Bücher > Mathematik, Naturwissenschaften, Technik, Medizin > Biologie > Botanik
1048;62924;Séta a múltban;Kenézheka Etelka;Bába és Társai Kiadó, 2003;20.68;0.0;0.0;magyar;148.0;puhatáblás, ragasztókötött;9789639511064;
1048;62930;Kárpitos gépek és technológiák I.;Zámbó László;Műszaki Könyvkiadó, 2005;Előjegyezhető;0.0;0.0;magyar;158.0;papír / puha kötés;9789631616699;
1049;62953;Matematika 5-6. - Feladatgyűjtemény 5-6. osztály;Etal.;Műszaki Könyvkiadó, 2014;14.67;0.0;0.0;magyar;300.0;papír / puha kötés;9789631641905;
1049;62954;Matematika 7-8. - Feladatgyűjtemény 7-8. osztály;Etal.;Műszaki Könyvkiadó, 2010;Előjegyezhető;0.0;0.0;magyar;308.0;papír / puha kötés;9789631642124;
1049;62990;Grillezés - Dr. Oetker - Erkélyen és kertben a legjobb receptek szerint;;Grafo Kiadó, 2000;20.37;0.0;0.0;magyar;136.0;cérnafűzött, keménytáblás;;
1049;62997;Készüljünk a vizsgára I. - ECDL, érettségi, OKJ;Bozó Mária;Műszaki Könyvkiadó, 2006;Előjegyezhető;0.0;0.0;magyar;512.0;kötve;9789631629231;
1050;63010;Könyvhét 2008. május 9-10.szám;;Kiss József Könyvkiadó, 2008;Előjegyezhető;0.0;0.0;magyar;44.0;fűzve;;
1050;63013;Kézzel kötött napló - Autós - B/5;;BRIELLA KFT, 2011;Előjegyezhető;0.0;0.0;ragasztott;;;;
1050;63015;Kézzel kötött napló - Bicajos - B/8;;BRIELLA KFT, 2011;Előjegyezhető;0.0;0.0;ragasztott;;;;
1050;63016;Kézzel kötött napló - Virágos - B/8;;BRIELLA KFT, 2011;Előjegyezhető;0.0;0.0;ragasztott;;;;
1050;63020;A filozófiában jeleskedők élete és nézetei tíz könyvben - 1. kötet 1-5. könyv;Laertiosz, Diogenész;Jel Kiadó, 2005;30.55;0.0;0.0;magyar;260.0;papír / puha kötés;9799639318853;
1050;63029;Gépfenntartás I.;Dr. Janik József;Szaktudás Kiadó Ház Rt., 2003;35.90;0.0;0.0;magyar;208.0;kötve;9789639422643;
1050;63058;Természet és társadalomismeret - Általános iskola 3.osztály;Dr. Miklovicz Árpád;Nemzeti Tankönyvkiadó, 2003;Előjegyezhető;0.0;0.0;magyar;96.0;fűzve;9789631946642;
1051;63062;Gombák I. - Rétek,legelők és pázsitok gombái;Dr. Rimóczi Imre;Kossuth Kiadó, 2004;Előjegyezhető;0.0;0.0;magyar;112.0;kötve;;
1051;63063;Özönnövények a Tisza mentén - Képes zsebhatározó;Schmotzer András;SZÖVETSÉG AZ ÉLŐ TISZÁÉRT, 2008;;0.0;0.0;magyar;24.0;lapozó;9789630652377;
1051;63073;Matematika 1. - Második kötet;Dr. Koller Lászlóné;Műszaki Könyvkiadó, 2004;Előjegyezhető;0.0;0.0;magyar;152.0;fűzve;9631627284;
1051;63090;MATEMATIKA 8. FELADATAINAK MEGOLDÁSA;Dr. Czeglédy István;Calibra Kiadó, 2006;Előjegyezhető;0.0;0.0;magyar;286.0;fűzve;9789631629798;
1051;63091;A kétszintű szóbeli matematika érettségi kézikönyv;Dr. Gerőcs László;DFT-HUNGÁRIA LAPKIADÓ KFT., 2005;Előjegyezhető;0.0;0.0;magyar;108.0;fűzve;9789639473690;
1051;63092;Irodalmi atlaszkönyvek 9. évfolyam munkafüzet - Szöveggyűjtemény;Somos Béla;Nemzeti Tankönyvkiadó, 2005;Előjegyezhető;0.0;0.0;magyar;320.0;karton;9631955338;
1051;63093;A kétszintű matematika érettségi próbaérettségi nagykönyve - Emelt szint;Dr. Gerőcs László;DFT-HUNGÁRIA LAPKIADÓ KFT., 2004;Előjegyezhető;0.0;0.0;magyar;76.0;fűzve;9789639473362;
1051;63115;Kútja a régi szerelemnek;Somos Béla;SOMOS BÉLA MAGÁNKIADÓ;3.10;0.0;0.0;ISBN: 9630463717;;;;
1051;63117;NEOCLASSICISM AND ROMANTICISM - MIDI;;H. F. Ullmann, 2007;67.49;0.0;0.0;magyar;520.0;ISBN: 9783833135569;;
1052;63126;A Könyvmolyképző titkai;Katona Ildikó;Könyvmolyképző Kiadó Kft., 2012;Előjegyezhető;0.0;0.0;karton;;;;
1052;63144;Üvegszilánkkönny - Angyalszárny-trilógia 1. rész;Csejk Miklós;KÁVÉFORRÁS KIADÓ, 2011;;0.0;0.0;magyar;238.0;puhatáblás, ragasztókötött;9789630812184;
1052;63152;Újra itt a Télapó!;Caramel;EX-BB Kiadói Kft., 2010;22.89;0.0;0.0;irkafűzött;;;;
1052;63155;A boldogság kék egén - Régi történet;Kathy Nike;Alfadat-Press, 2010;51.94;0.0;0.0;magyar;138.0;puhatáblás, ragasztókötött;9789638103819;
1056;63363;Ez itt szem, a felemelkedőknek;Nagy Péter;Magánkiadás, 2003;35.45;0.0;0.0;magyar;236.0;fűzve;9634305830;
1056;63370;Intelligent Business Interm. CB. CD /2/;;Longman, 2006;73.87;0.0;0.0;ISBN: 9780582840522;;;;
1056;63388;Tilos gyümölcsön;;ÚJ HORIZONT FOLYÓI. ÉS KÖNYVKIADÓ A, 2002;12.22;0.0;0.0;magyar;128.0;puhatáblás, ragasztókötött;9638246146;
1056;63392;Matters Elementary Class Cass. /2./;;Librotrade Kft., 1999;57.95;0.0;0.0;ISBN: 0582273803;;;;
1056;63396;Le Nouveau Sans Frontieres 1. Cass.;;Librotrade Kft., 2001;36.27;0.0;0.0;ISBN: 2190325013;;;;
1056;63403;The T-Series MGS;Robson, Graham;MARÓTI AUTÓMÜSZAKI KÖNYVKERESK;76.40;0.0;0.0;ISBN: 0900549513;;;;
1058;63484;A boldog élet útmutatója, avagy - A vallás tana;Johann Gottlieb Fichte;Szent István Társulat, 2010;24.94;0.0;0.0;magyar;280.0;puhatáblás, ragasztókötött;9789632772189;
1058;63519;"""Mint észrevétlenül..."" - Középiskolások, egyetemisták írásai a holokausztról";;Savaria University Press, 2014;Előjegyezhető;0.0;0.0;magyar;80.0;papír / puha kötés;9786155251429;
1058;63520;La femme magazin - V. évfolyam 2013. ősz;;SILVER KIADÓ KFT., 2013;Előjegyezhető;0.0;0.0;magyar;128.0;puhatáblás, ragasztókötött;;
1058;63528;Jegyre megy - Matematika 7. munkafüzet és algebra tudástár - Matematika gyakorló munkafüzet 7. osztályos tanulók számára, algebra képlet és szabálygyűjtemény;Tanja Koncan;Raabe Klett Kft., 2009;35.23;0.0;0.0;magyar;68.0;irkafűzött;5999550890467;
1058;63531;A sors őrzői - Ascalon, a mágikus paripa;Felten, Monika;Naphold.net Kiadó, 2008;23.38;0.0;0.0;magyar;224.0;cérnafűzött, keménytáblás;9788089381036;
1058;63533;Salman Rushdie díszdoboz - Sálímár bohóc + Az éjfél gyermekei + Hárún és a mesék tengere + A mór utolsó sóhaja + Szégyen;Salman Rushdie;Ulpius-ház, 2008;103.89;0.0;0.0;díszdobozban;;;;
1058;63540;Emberközpontú gazdaságot - Élet-világ sorozat 3. kötete;;Heti Válasz Kiadó, 2002;Előjegyezhető;0.0;0.0;magyar;134.0;kötve;9638625996;
1059;63541;Globalizáció a jog tükrében - A gazdaság jogi elemzése;Galgano, Francesco;HVG-Orac Kft., 2006;Előjegyezhető;0.0;0.0;magyar;202.0;puhatáblás, ragasztókötött;9637490418;
1059;63572;Family magazin - 2012/1 (február-március-április) - Családi és párkapcsolati magazin;;Harmat Kiadó, 2012;Előjegyezhető;0.0;0.0;magyar;66.0;irkafűzött;5999883910115;
1059;63574;William Wilberforce, a rabszolgafelszabadító;Bingham, Derick;Harmat Kiadó, 2005;Előjegyezhető;0.0;0.0;ISBN: 9789639564329;;;;
1059;63585;Káposztát a Királynak!;Plass, Adrian;Harmat Kiadó, 2004;Előjegyezhető;0.0;0.0;magyar;174.0;fűzve;9789639564251;
1060;63621;Képmás 2024/9 - Magazin nőknek és férfiaknak;;Képmás 2002 Kft., 2024;14.45;0.0;0.0;magyar;106.0;ragasztott;2050000093685;
1060;63622;Képmás 2024/6 - Magazin nőknek és férfiaknak;;Képmás 2002 Kft., 2024;14.45;0.0;0.0;magyar;98.0;ragasztott;2050000092695;
